股票代码,交易日期,收盘价,开盘价,最高价,最低价,昨收价,涨跌额,涨跌幅,成交量(手),成交额(千元),复权因子,开盘价后复权,开盘价前复权,收盘价后复权,收盘价前复权,最高价后复权,最高价前复权,最低价后复权,最低价前复权,昨收价后复权,昨收价前复权,MACD_DIF(基于前复权价格计算),MACD_DEA,MACD,KDJ_K,KDJ_D,KDJ_J,RSI_6,RSI_12,RSI_24,BOLL_UPPER,BOLL_MID,BOLL_LOWER,CCI
000950.SZ,2024-01-02,5.0,4.97,5.05,4.96,4.97,0.03,0.6036,173631.1,86881.22,2.433,12.09201,4.84533,12.165,4.87458,12.28665,4.92333,12.06768,4.83558,12.09201,4.84533,-0.073,-0.073,0.0,47.677,31.747,79.538,55.059,44.522,42.53,5.14,4.918,4.696,-7.586
000950.SZ,2024-01-03,5.05,5.0,5.08,4.97,5.0,0.05,1.0,168274.14,84750.15,2.433,12.165,4.87458,12.28665,4.92333,12.35964,4.95257,12.09201,4.84533,12.165,4.87458,-0.063,-0.071,0.017,61.118,41.537,100.28,65.096,50.155,45.047,5.13,4.913,4.697,28.283
000950.SZ,2024-01-04,5.03,5.05,5.05,5.0,5.05,-0.02,-0.396,143188.74,71876.52,2.433,12.28665,4.92333,12.23799,4.90383,12.28665,4.92333,12.165,4.87458,12.28665,4.92333,-0.056,-0.068,0.025,67.412,50.162,101.912,58.793,48.027,44.238,5.116,4.907,4.697,44.365
000950.SZ,2024-01-05,4.97,5.01,5.04,4.95,5.03,-0.06,-1.1928,135148.09,67563.52,2.433,12.18933,4.88433,12.09201,4.84533,12.26232,4.91358,12.04335,4.82583,12.23799,4.90383,-0.054,-0.065,0.022,63.608,54.644,81.536,43.597,42.172,41.884,5.11,4.9,4.691,23.019
000950.SZ,2024-01-08,4.89,4.96,4.97,4.89,4.97,-0.08,-1.6097,127168.0,62578.09,2.433,12.06768,4.83558,11.89737,4.76734,12.09201,4.84533,11.89737,4.76734,12.09201,4.84533,-0.059,-0.064,0.011,50.405,53.231,44.754,30.842,35.82,38.997,5.107,4.891,4.676,-54.726
000950.SZ,2024-01-09,4.89,4.9,4.95,4.86,4.89,0.0,0.0,115797.55,56721.96,2.433,11.9217,4.77709,11.89737,4.76734,12.04335,4.82583,11.82438,4.73809,11.89737,4.76734,-0.061,-0.064,0.004,41.604,49.355,26.1,30.842,35.82,38.997,5.098,4.88,4.663,-68.467
000950.SZ,2024-01-10,4.89,4.89,4.93,4.84,4.89,0.0,0.0,129670.05,63428.17,2.433,11.89737,4.76734,11.89737,4.76734,11.99469,4.80634,11.77572,4.71859,11.89737,4.76734,-0.063,-0.063,0.001,34.68,44.464,15.113,30.842,35.82,38.997,5.081,4.868,4.655,-78.596
000950.SZ,2024-01-11,4.91,4.88,4.93,4.87,4.89,0.02,0.409,96501.12,47260.13,2.433,11.87304,4.75759,11.94603,4.78684,11.99469,4.80634,11.84871,4.74784,11.89737,4.76734,-0.062,-0.063,0.003,32.842,40.59,17.347,38.602,38.811,40.169,5.029,4.851,4.672,-50.561
000950.SZ,2024-01-12,4.88,4.9,4.93,4.87,4.91,-0.03,-0.611,103728.0,50830.77,2.433,11.9217,4.77709,11.87304,4.75759,11.99469,4.80634,11.84871,4.74784,11.94603,4.78684,-0.062,-0.063,0.001,27.45,36.21,9.931,32.116,36.061,38.997,4.976,4.834,4.692,-60.653
000950.SZ,2024-01-15,4.88,4.88,4.9,4.84,4.88,0.0,0.0,93590.96,45605.7,2.433,11.87304,4.75759,11.87304,4.75759,11.9217,4.77709,11.77572,4.71859,11.87304,4.75759,-0.062,-0.063,0.001,23.856,32.092,7.384,32.116,36.061,38.997,4.937,4.82,4.704,-85.708
000950.SZ,2024-01-16,4.81,4.89,4.9,4.76,4.88,-0.07,-1.4344,193435.3,93205.37,2.433,11.89737,4.76734,11.70273,4.68935,11.9217,4.77709,11.58108,4.6406,11.87304,4.75759,-0.067,-0.064,-0.007,21.651,28.612,7.73,20.527,30.132,36.305,4.926,4.808,4.69,-137.042
000950.SZ,2024-01-17,4.72,4.78,4.81,4.71,4.81,-0.09,-1.8711,120346.18,57335.3,2.433,11.62974,4.6601,11.48376,4.6016,11.70273,4.68935,11.45943,4.59185,11.70273,4.68935,-0.077,-0.066,-0.021,15.444,24.222,-2.113,13.186,24.485,33.228,4.937,4.794,4.651,-190.508
000950.SZ,2024-01-18,4.65,4.71,4.71,4.52,4.72,-0.07,-1.4831,213028.67,97975.84,2.433,11.45943,4.59185,11.31345,4.53336,11.45943,4.59185,10.99716,4.40662,11.48376,4.6016,-0.089,-0.071,-0.037,19.926,22.79,14.197,9.886,21.126,31.09,4.959,4.779,4.598,-233.537
000950.SZ,2024-01-19,4.63,4.63,4.68,4.6,4.65,-0.02,-0.4301,100043.97,46513.47,2.433,11.26479,4.51386,11.26479,4.51386,11.38644,4.56261,11.1918,4.48461,11.31345,4.53336,-0.099,-0.077,-0.045,21.811,22.464,20.505,9.105,20.26,30.505,4.974,4.762,4.55,-166.158
000950.SZ,2024-01-22,4.44,4.62,4.63,4.38,4.63,-0.19,-4.1037,153336.27,69057.38,2.433,11.24046,4.50411,10.80252,4.32863,11.26479,4.51386,10.65654,4.27013,11.26479,4.51386,-0.121,-0.085,-0.071,18.177,21.035,12.461,4.79,14.218,25.707,5.024,4.74,4.456,-189.333
000950.SZ,2024-01-23,4.51,4.43,4.52,4.36,4.44,0.07,1.5766,123085.79,54720.87,2.433,10.77819,4.31888,10.97283,4.39687,10.99716,4.40662,10.60788,4.25063,10.80252,4.32863,-0.131,-0.094,-0.073,20.89,20.987,20.697,21.283,23.399,29.943,5.042,4.722,4.401,-151.247
000950.SZ,2024-01-24,4.6,4.52,4.61,4.43,4.51,0.09,1.9956,167200.1,75761.47,2.433,10.99716,4.40662,11.1918,4.48461,11.21613,4.49436,10.77819,4.31888,10.97283,4.39687,-0.13,-0.102,-0.057,27.962,23.312,37.262,37.884,33.398,34.921,5.044,4.708,4.372,-93.911
000950.SZ,2024-01-25,4.79,4.6,4.8,4.59,4.6,0.19,4.1304,195842.86,92464.68,2.433,11.1918,4.48461,11.65407,4.66985,11.6784,4.6796,11.16747,4.47486,11.1918,4.48461,-0.114,-0.104,-0.019,45.184,30.603,74.348,59.515,48.792,43.729,5.037,4.703,4.368,-8.571
000950.SZ,2024-01-26,4.79,4.78,4.86,4.76,4.79,0.0,0.0,136311.05,65548.22,2.433,11.62974,4.6601,11.65407,4.66985,11.82438,4.73809,11.58108,4.6406,11.65407,4.66985,-0.099,-0.103,0.008,56.666,39.29,91.418,59.515,48.792,43.729,5.023,4.694,4.365,33.215
000950.SZ,2024-01-29,4.72,4.81,4.83,4.72,4.79,-0.07,-1.4614,133858.0,63885.42,2.433,11.70273,4.68935,11.48376,4.6016,11.75139,4.70884,11.48376,4.6016,11.65407,4.66985,-0.092,-0.101,0.017,61.777,46.786,91.76,50.234,44.303,41.477,5.006,4.682,4.358,16.118
000950.SZ,2024-01-30,4.6,4.72,4.73,4.6,4.72,-0.12,-2.5424,133843.0,62521.27,2.433,11.48376,4.6016,11.1918,4.48461,11.50809,4.61135,11.1918,4.48461,11.48376,4.6016,-0.095,-0.1,0.009,57.185,50.252,71.05,38.034,37.798,37.978,4.985,4.663,4.34,-35.897
000950.SZ,2024-01-31,4.47,4.6,4.63,4.47,4.6,-0.13,-2.8261,155295.0,70543.01,2.433,11.1918,4.48461,10.87551,4.35787,11.26479,4.51386,10.87551,4.35787,11.1918,4.48461,-0.106,-0.101,-0.011,45.457,48.654,39.062,28.907,32.209,34.672,4.959,4.634,4.309,-87.059
000950.SZ,2024-02-01,4.5,4.48,4.59,4.44,4.47,0.03,0.6711,141087.57,63730.48,2.433,10.89984,4.36762,10.9485,4.38712,11.16747,4.47486,10.80252,4.32863,10.87551,4.35787,-0.112,-0.103,-0.017,39.638,45.648,27.616,33.337,34.642,36.014,4.925,4.608,4.291,-84.006
000950.SZ,2024-02-02,4.4,4.53,4.57,4.28,4.5,-0.1,-2.2222,200422.0,88523.99,2.433,11.02149,4.41637,10.7052,4.28963,11.11881,4.45537,10.41324,4.17264,10.9485,4.38712,-0.122,-0.107,-0.031,33.322,41.54,16.886,26.685,30.643,33.613,4.907,4.581,4.254,-121.531
000950.SZ,2024-02-05,4.49,4.43,4.68,4.29,4.4,0.09,2.0455,331742.16,148524.31,2.433,10.77819,4.31888,10.92417,4.37737,11.38644,4.56261,10.43757,4.18239,10.7052,4.28963,-0.122,-0.11,-0.024,34.283,39.121,24.609,39.683,37.704,37.524,4.887,4.561,4.235,-68.727
000950.SZ,2024-02-06,4.87,4.57,4.93,4.42,4.49,0.38,8.4633,586510.3,278425.25,2.433,11.11881,4.45537,11.84871,4.74784,11.99469,4.80634,10.75386,4.30913,10.92417,4.37737,-0.091,-0.106,0.03,53.112,43.785,71.767,68.224,57.589,50.398,4.884,4.56,4.237,88.544
000950.SZ,2024-02-07,5.03,4.8,5.14,4.79,4.87,0.16,3.2854,593342.64,297137.19,2.433,11.6784,4.6796,12.23799,4.90383,12.50562,5.01107,11.65407,4.66985,11.84871,4.74784,-0.053,-0.096,0.085,64.478,50.682,92.069,74.355,63.013,54.516,4.913,4.567,4.221,182.111
000950.SZ,2024-02-08,5.0,5.03,5.08,4.83,5.03,-0.03,-0.5964,397301.04,197341.06,2.433,12.23799,4.90383,12.165,4.87458,12.35964,4.95257,11.75139,4.70884,12.23799,4.90383,-0.026,-0.082,0.112,70.892,57.419,97.839,71.262,61.407,53.644,4.93,4.571,4.213,136.834
000950.SZ,2024-02-19,4.98,5.03,5.06,4.92,5.0,-0.02,-0.4,286008.44,142737.19,2.433,12.23799,4.90383,12.11634,4.85508,12.31098,4.93307,11.97036,4.79659,12.165,4.87458,-0.005,-0.066,0.123,74.393,63.077,97.026,68.966,60.289,53.055,4.948,4.576,4.205,119.141
000950.SZ,2024-02-20,4.99,4.97,5.03,4.9,4.98,0.01,0.2008,210568.0,105028.43,2.433,12.09201,4.84533,12.14067,4.86483,12.23799,4.90383,11.9217,4.77709,12.11634,4.85508,0.012,-0.051,0.125,77.115,67.756,95.832,69.554,60.679,53.322,4.966,4.582,4.197,99.706
000950.SZ,2024-02-21,5.01,4.93,5.1,4.93,4.99,0.02,0.4008,304274.22,153128.96,2.433,11.99469,4.80634,12.18933,4.88433,12.4083,4.97207,11.99469,4.80634,12.14067,4.86483,0.027,-0.035,0.124,79.704,71.739,95.635,70.88,61.505,53.871,4.996,4.591,4.187,99.591
000950.SZ,2024-02-22,5.0,5.0,5.02,4.94,5.01,-0.01,-0.1996,212966.99,105926.98,2.433,12.165,4.87458,12.165,4.87458,12.21366,4.89408,12.01902,4.81608,12.18933,4.88433,0.037,-0.021,0.116,81.043,74.84,93.449,69.076,60.808,53.543,5.028,4.605,4.182,76.082
000950.SZ,2024-02-23,4.99,4.99,5.01,4.94,5.0,-0.01,-0.2,170193.84,84598.13,2.433,12.14067,4.86483,12.14067,4.86483,12.18933,4.88433,12.01902,4.81608,12.165,4.87458,0.044,-0.008,0.104,81.48,77.054,90.332,67.028,60.066,53.204,5.058,4.622,4.186,64.933
000950.SZ,2024-02-26,5.0,4.99,5.05,4.95,4.99,0.01,0.2004,194026.23,97017.94,2.433,12.14067,4.86483,12.165,4.87458,12.28665,4.92333,12.04335,4.82583,12.14067,4.86483,0.05,0.004,0.092,81.172,78.426,86.663,68.161,60.591,53.511,5.086,4.64,4.193,62.387
000950.SZ,2024-02-27,5.04,4.98,5.04,4.97,5.0,0.04,0.8,148043.16,74154.63,2.433,12.11634,4.85508,12.26232,4.91358,12.26232,4.91358,12.09201,4.84533,12.165,4.87458,0.057,0.014,0.085,77.924,78.259,77.254,72.667,62.728,54.75,5.106,4.669,4.231,60.242
000950.SZ,2024-02-28,5.01,5.07,5.21,5.0,5.04,-0.03,-0.5952,375718.28,192360.67,2.433,12.33531,4.94282,12.18933,4.88433,12.67593,5.07931,12.165,4.87458,12.26232,4.91358,0.059,0.023,0.072,67.739,74.752,53.712,64.457,60.063,53.631,5.122,4.693,4.265,73.16
000950.SZ,2024-02-29,5.08,4.98,5.09,4.96,5.01,0.07,1.3972,237065.73,119408.38,2.433,12.11634,4.85508,12.35964,4.95257,12.38397,4.96232,12.06768,4.83558,12.18933,4.88433,0.066,0.032,0.068,64.514,71.339,50.863,72.999,63.96,55.828,5.148,4.717,4.285,60.095
000950.SZ,2024-03-01,5.08,5.08,5.09,5.04,5.08,0.0,0.0,151369.75,76576.56,2.433,12.35964,4.95257,12.35964,4.95257,12.38397,4.96232,12.26232,4.91358,12.35964,4.95257,0.071,0.04,0.062,62.364,68.348,50.397,72.999,63.96,55.828,5.174,4.731,4.288,81.388
000950.SZ,2024-03-04,5.11,5.08,5.18,5.06,5.08,0.03,0.5906,208065.85,106317.46,2.433,12.35964,4.95257,12.43263,4.98182,12.60294,5.05006,12.31098,4.93307,12.35964,4.95257,0.076,0.047,0.058,63.005,66.567,55.881,76.486,65.668,56.783,5.201,4.746,4.291,157.433
000950.SZ,2024-03-05,5.03,5.12,5.12,5.01,5.11,-0.08,-1.5656,190774.7,96332.29,2.433,12.45696,4.99157,12.23799,4.90383,12.45696,4.99157,12.18933,4.88433,12.43263,4.98182,0.073,0.052,0.041,53.114,62.083,35.178,54.119,57.71,53.56,5.216,4.761,4.307,61.055
000950.SZ,2024-03-06,4.98,5.0,5.03,4.96,5.03,-0.05,-0.994,159594.56,79718.46,2.433,12.165,4.87458,12.11634,4.85508,12.23799,4.90383,12.06768,4.83558,12.23799,4.90383,0.065,0.055,0.022,40.348,54.838,11.368,44.384,53.306,51.648,5.218,4.78,4.342,-53.186
000950.SZ,2024-03-07,4.99,4.98,5.05,4.97,4.98,0.01,0.2008,153573.0,76931.3,2.433,12.11634,4.85508,12.14067,4.86483,12.28665,4.92333,12.09201,4.84533,12.11634,4.85508,0.06,0.056,0.008,32.027,47.234,1.612,46.686,54.07,52.005,5.199,4.805,4.412,-35.067
000950.SZ,2024-03-08,5.26,4.99,5.29,4.98,4.99,0.27,5.4108,409577.04,211196.18,2.433,12.14067,4.86483,12.79758,5.12806,12.87057,5.1573,12.11634,4.85508,12.14067,4.86483,0.076,0.06,0.032,51.654,48.707,57.548,77.224,69.018,60.281,5.21,4.842,4.474,205.597
000950.SZ,2024-03-11,5.2,5.27,5.28,5.16,5.26,-0.06,-1.1407,247843.66,128722.0,2.433,12.82191,5.13781,12.6516,5.06956,12.84624,5.14756,12.55428,5.03057,12.79758,5.12806,0.083,0.064,0.037,58.679,52.031,71.973,66.991,63.971,57.963,5.162,4.881,4.601,193.489
000950.SZ,2024-03-12,5.23,5.21,5.3,5.2,5.2,0.03,0.5769,199922.24,104745.57,2.433,12.67593,5.07931,12.72459,5.09881,12.8949,5.16705,12.6516,5.06956,12.6516,5.06956,0.09,0.069,0.04,65.59,56.551,83.668,69.422,65.353,58.79,5.096,4.917,4.739,169.781
000950.SZ,2024-03-13,5.18,5.23,5.24,5.13,5.23,-0.05,-0.956,169809.85,87925.77,2.433,12.72459,5.09881,12.60294,5.05006,12.74892,5.10856,12.48129,5.00132,12.72459,5.09881,0.09,0.074,0.033,65.295,59.465,76.954,60.51,61.092,56.846,5.102,4.933,4.763,90.33
000950.SZ,2024-03-14,5.17,5.21,5.27,5.14,5.18,-0.01,-0.1931,136215.66,70676.46,2.433,12.67593,5.07931,12.57861,5.04031,12.82191,5.13781,12.50562,5.01107,12.60294,5.05006,0.089,0.077,0.024,64.118,61.016,70.322,58.701,60.235,56.456,5.115,4.939,4.764,82.609
000950.SZ,2024-03-15,5.2,5.17,5.2,5.15,5.17,0.03,0.5803,95450.66,49440.05,2.433,12.57861,5.04031,12.6516,5.06956,12.6516,5.06956,12.52995,5.02082,12.57861,5.04031,0.089,0.079,0.02,66.275,62.769,73.286,62.713,61.98,57.371,5.131,4.949,4.768,63.312
000950.SZ,2024-03-18,5.25,5.2,5.25,5.18,5.2,0.05,0.9615,142138.66,74184.48,2.433,12.6516,5.06956,12.77325,5.11831,12.77325,5.11831,12.60294,5.05006,12.6516,5.06956,0.092,0.082,0.021,72.615,66.051,85.742,68.78,64.79,58.873,5.153,4.962,4.772,87.435
000950.SZ,2024-03-19,5.18,5.25,5.25,5.18,5.25,-0.07,-1.3333,150376.12,78401.93,2.433,12.77325,5.11831,12.60294,5.05006,12.77325,5.11831,12.60294,5.05006,12.77325,5.11831,0.088,0.083,0.01,69.622,67.241,74.383,54.016,58.219,55.991,5.16,4.972,4.783,58.695
000950.SZ,2024-03-20,5.24,5.18,5.25,5.15,5.18,0.06,1.1583,135735.69,70668.44,2.433,12.60294,5.05006,12.74892,5.10856,12.77325,5.11831,12.52995,5.02082,12.60294,5.05006,0.088,0.084,0.009,73.498,69.327,81.84,62.332,61.838,57.837,5.176,4.983,4.79,60.392
000950.SZ,2024-03-21,5.23,5.25,5.33,5.23,5.24,-0.01,-0.1908,149245.0,78749.93,2.433,12.77325,5.11831,12.72459,5.09881,12.96789,5.1963,12.72459,5.09881,12.74892,5.10856,0.087,0.084,0.005,65.665,68.106,60.783,60.156,60.879,57.418,5.187,4.994,4.801,98.161
000950.SZ,2024-03-22,5.14,5.23,5.23,5.12,5.23,-0.09,-1.7208,184632.0,95250.66,2.433,12.72459,5.09881,12.50562,5.01107,12.72459,5.09881,12.45696,4.99157,12.72459,5.09881,0.078,0.083,-0.011,46.951,61.055,18.745,43.686,52.837,53.761,5.185,5.001,4.818,-1.728
000950.SZ,2024-03-25,5.06,5.13,5.16,5.06,5.14,-0.08,-1.5564,123242.36,63033.64,2.433,12.48129,5.00132,12.31098,4.93307,12.55428,5.03057,12.31098,4.93307,12.50562,5.01107,0.063,0.079,-0.032,31.301,51.137,-8.371,33.811,46.837,50.762,5.181,5.004,4.827,-82.524
000950.SZ,2024-03-26,5.08,5.05,5.1,5.02,5.06,0.02,0.3953,101403.71,51273.36,2.433,12.28665,4.92333,12.35964,4.95257,12.4083,4.97207,12.21366,4.89408,12.31098,4.93307,0.053,0.074,-0.042,27.319,43.198,-4.438,38.015,48.434,51.468,5.18,5.006,4.833,-135.758
000950.SZ,2024-03-27,5.02,5.08,5.12,5.02,5.08,-0.06,-1.1811,101968.0,51756.85,2.433,12.35964,4.95257,12.21366,4.89408,12.45696,4.99157,12.21366,4.89408,12.35964,4.95257,0.04,0.067,-0.055,18.213,34.869,-15.101,30.941,44.098,49.256,5.179,5.007,4.834,-174.119
000950.SZ,2024-03-28,5.05,5.02,5.09,5.0,5.02,0.03,0.5976,90057.0,45453.76,2.433,12.21366,4.89408,12.28665,4.92333,12.38397,4.96232,12.165,4.87458,12.21366,4.89408,0.031,0.06,-0.058,17.192,28.977,-6.377,37.877,46.701,50.369,5.18,5.005,4.831,-136.089
000950.SZ,2024-03-29,5.21,5.03,5.22,5.03,5.05,0.16,3.1683,205390.33,106218.61,2.433,12.23799,4.90383,12.67593,5.07931,12.70026,5.08906,12.23799,4.90383,12.28665,4.92333,0.036,0.055,-0.038,32.674,30.209,37.603,62.184,58.06,55.767,5.187,5.012,4.836,-11.57
000950.SZ,2024-04-01,5.22,5.22,5.26,5.18,5.21,0.01,0.1919,128240.0,66850.39,2.433,12.70026,5.08906,12.70026,5.08906,12.79758,5.12806,12.60294,5.05006,12.67593,5.07931,0.041,0.052,-0.023,44.005,34.808,62.399,63.262,58.661,56.079,5.195,5.017,4.839,68.917
000950.SZ,2024-04-02,5.25,5.22,5.25,5.19,5.22,0.03,0.5747,125658.3,65679.74,2.433,12.70026,5.08906,12.77325,5.11831,12.77325,5.11831,12.62727,5.05981,12.70026,5.08906,0.046,0.051,-0.009,54.589,41.401,80.964,66.681,60.512,57.026,5.203,5.028,4.852,73.387
000950.SZ,2024-04-03,5.29,5.25,5.3,5.23,5.25,0.04,0.7619,151674.47,79987.73,2.433,12.77325,5.11831,12.87057,5.1573,12.8949,5.16705,12.72459,5.09881,12.77325,5.11831,0.053,0.052,0.003,68.615,50.473,104.899,71.0,62.926,58.279,5.208,5.043,4.877,106.986
000950.SZ,2024-04-08,5.25,5.27,5.31,5.23,5.29,-0.04,-0.7561,136600.0,72000.31,2.433,12.82191,5.13781,12.77325,5.11831,12.91923,5.1768,12.72459,5.09881,12.87057,5.1573,0.055,0.052,0.005,72.625,57.857,102.161,61.443,58.991,56.559,5.202,5.055,4.909,84.157
000950.SZ,2024-04-09,5.3,5.24,5.3,5.19,5.25,0.05,0.9524,136041.0,71483.72,2.433,12.74892,5.10856,12.8949,5.16705,12.8949,5.16705,12.62727,5.05981,12.77325,5.11831,0.06,0.054,0.012,80.675,65.463,111.099,67.92,62.213,58.169,5.209,5.057,4.906,79.043
000950.SZ,2024-04-10,5.24,5.29,5.38,5.21,5.3,-0.06,-1.1321,179011.82,94875.44,2.433,12.87057,5.1573,12.74892,5.10856,13.08954,5.24505,12.67593,5.07931,12.8949,5.16705,0.058,0.055,0.006,74.836,68.587,87.333,54.69,56.411,55.589,5.212,5.059,4.906,81.488
000950.SZ,2024-04-11,5.26,5.21,5.3,5.2,5.24,0.02,0.3817,104537.08,54996.87,2.433,12.67593,5.07931,12.79758,5.12806,12.8949,5.16705,12.6516,5.06956,12.74892,5.10856,0.057,0.055,0.004,72.698,69.957,78.178,57.965,57.841,56.264,5.216,5.061,4.906,56.553
000950.SZ,2024-04-12,5.15,5.27,5.28,5.13,5.26,-0.11,-2.0913,144676.87,75156.19,2.433,12.82191,5.13781,12.52995,5.02082,12.84624,5.14756,12.48129,5.00132,12.79758,5.12806,0.048,0.054,-0.012,59.894,66.603,46.475,39.243,48.329,51.751,5.215,5.059,4.903,4.545
000950.SZ,2024-04-15,5.24,5.17,5.3,5.07,5.15,0.09,1.7476,223585.2,116522.97,2.433,12.57861,5.04031,12.74892,5.10856,12.8949,5.16705,12.33531,4.94282,12.52995,5.02082,0.047,0.052,-0.011,58.209,63.805,47.017,53.871,54.943,54.843,5.22,5.063,4.906,17.235
000950.SZ,2024-04-16,5.12,5.23,5.3,5.12,5.24,-0.12,-2.2901,183989.57,95710.57,2.433,12.72459,5.09881,12.45696,4.99157,12.8949,5.16705,12.45696,4.99157,12.74892,5.10856,0.036,0.049,-0.026,44.182,57.264,18.019,38.89,46.319,50.354,5.219,5.059,4.899,-10.926
000950.SZ,2024-04-17,5.3,5.16,5.3,5.15,5.12,0.18,3.5156,206572.62,108503.3,2.433,12.55428,5.03057,12.8949,5.16705,12.8949,5.16705,12.52995,5.02082,12.45696,4.99157,0.041,0.047,-0.013,54.186,56.238,50.082,59.275,57.289,55.992,5.226,5.061,4.896,53.953
000950.SZ,2024-04-18,5.47,5.29,5.53,5.27,5.3,0.17,3.2075,381296.33,207190.16,2.433,12.87057,5.1573,13.30851,5.33279,13.45449,5.39128,12.82191,5.13781,12.8949,5.16705,0.058,0.049,0.017,65.109,59.195,76.938,70.448,64.717,60.422,5.278,5.075,4.873,230.071
000950.SZ,2024-04-19,5.45,5.46,5.47,5.38,5.47,-0.02,-0.3656,190227.16,103194.7,2.433,13.28418,5.32304,13.25985,5.31329,13.30851,5.33279,13.08954,5.24505,13.30851,5.33279,0.069,0.053,0.031,70.943,63.111,86.606,67.821,63.304,59.685,5.313,5.086,4.858,212.043
000950.SZ,2024-04-22,5.42,5.42,5.55,5.41,5.45,-0.03,-0.5505,169831.02,92967.78,2.433,13.18686,5.28404,13.18686,5.28404,13.50315,5.41078,13.16253,5.27429,13.25985,5.31329,0.074,0.058,0.034,71.601,65.941,82.92,63.556,61.12,58.566,5.338,5.095,4.851,176.193
000950.SZ,2024-04-23,5.33,5.4,5.44,5.3,5.42,-0.09,-1.6605,146095.0,78122.37,2.433,13.1382,5.26455,12.96789,5.1963,13.23552,5.30354,12.8949,5.16705,13.18686,5.28404,0.071,0.06,0.021,65.789,65.89,65.587,51.822,54.92,55.319,5.348,5.104,4.86,60.813
000950.SZ,2024-04-24,5.38,5.34,5.4,5.29,5.33,0.05,0.9381,108120.98,57724.78,2.433,12.99222,5.20605,13.08954,5.24505,13.1382,5.26455,12.87057,5.1573,12.96789,5.1963,0.071,0.062,0.017,65.387,65.723,64.717,57.102,57.531,56.71,5.358,5.12,4.882,50.473
000950.SZ,2024-04-25,5.37,5.33,5.39,5.32,5.38,-0.01,-0.1859,103094.0,55186.73,2.433,12.96789,5.1963,13.06521,5.2353,13.11387,5.2548,12.94356,5.18655,13.08954,5.24505,0.07,0.064,0.012,64.425,65.29,62.695,55.638,56.813,56.344,5.364,5.134,4.904,45.915
000950.SZ,2024-04-26,5.34,5.34,5.41,5.28,5.37,-0.03,-0.5587,179206.91,95375.41,2.433,12.99222,5.20605,12.99222,5.20605,13.16253,5.27429,12.84624,5.14756,13.06521,5.2353,0.066,0.064,0.003,60.004,63.528,52.956,50.939,54.584,55.228,5.354,5.15,4.946,27.381
000950.SZ,2024-04-29,5.33,5.18,5.37,5.18,5.34,-0.01,-0.1873,301986.86,158808.21,2.433,12.60294,5.05006,12.96789,5.1963,13.06521,5.2353,12.60294,5.05006,12.99222,5.20605,0.061,0.064,-0.006,55.003,60.686,43.636,49.274,53.816,54.85,5.339,5.163,4.987,-16.514
000950.SZ,2024-04-30,5.45,5.33,5.52,5.29,5.33,0.12,2.2514,264390.3,143754.51,2.433,12.96789,5.1963,13.25985,5.31329,13.43016,5.38154,12.87057,5.1573,12.96789,5.1963,0.066,0.064,0.003,60.993,60.788,61.402,65.507,60.999,58.414,5.358,5.175,4.991,79.466
000950.SZ,2024-05-06,5.55,5.51,5.62,5.46,5.45,0.1,1.8349,229285.8,127093.41,2.433,13.40583,5.37179,13.50315,5.41078,13.67346,5.47903,13.28418,5.32304,13.25985,5.31329,0.076,0.066,0.02,68.692,63.423,79.23,73.87,65.83,61.085,5.397,5.191,4.985,154.147
000950.SZ,2024-05-07,5.6,5.54,5.64,5.52,5.55,0.05,0.9009,228035.22,127453.99,2.433,13.47882,5.40103,13.6248,5.45953,13.72212,5.49853,13.43016,5.38154,13.50315,5.41078,0.088,0.071,0.034,76.23,67.692,93.305,77.188,67.992,62.346,5.441,5.208,4.975,157.951
000950.SZ,2024-05-08,5.59,5.6,5.62,5.55,5.6,-0.01,-0.1786,154730.74,86469.06,2.433,13.6248,5.45953,13.60047,5.44978,13.67346,5.47903,13.50315,5.41078,13.6248,5.45953,0.095,0.076,0.039,80.53,71.971,97.647,74.905,67.066,61.927,5.477,5.223,4.968,132.995
000950.SZ,2024-05-09,5.71,5.6,5.78,5.58,5.59,0.12,2.1467,300364.44,171602.55,2.433,13.6248,5.45953,13.89243,5.56677,14.06274,5.63501,13.57614,5.44003,13.60047,5.44978,0.109,0.082,0.054,83.131,75.691,98.011,82.4,72.05,64.883,5.535,5.245,4.955,172.594
000950.SZ,2024-05-10,5.69,5.75,5.75,5.66,5.71,-0.02,-0.3503,166009.0,94501.28,2.433,13.98975,5.60577,13.84377,5.54727,13.98975,5.60577,13.77078,5.51802,13.89243,5.56677,0.117,0.089,0.056,83.754,78.379,94.504,77.756,70.121,64.018,5.58,5.264,4.948,141.247
000950.SZ,2024-05-13,5.64,5.68,5.73,5.6,5.69,-0.05,-0.8787,176166.5,99700.72,2.433,13.81944,5.53752,13.72212,5.49853,13.94109,5.58627,13.6248,5.45953,13.84377,5.54727,0.118,0.095,0.046,81.392,79.383,85.409,66.508,65.348,61.869,5.607,5.284,4.96,93.853
000950.SZ,2024-05-14,5.84,5.64,5.92,5.63,5.64,0.2,3.5461,306581.3,177731.32,2.433,13.72212,5.49853,14.20872,5.69351,14.40336,5.7715,13.69779,5.48878,13.72212,5.49853,0.133,0.103,0.061,83.991,80.919,90.134,80.233,73.283,66.556,5.673,5.312,4.951,135.477
000950.SZ,2024-05-15,5.88,5.85,5.98,5.81,5.84,0.04,0.6849,276923.5,163253.45,2.433,14.23305,5.70326,14.30604,5.73251,14.54934,5.83,14.13573,5.66426,14.20872,5.69351,0.147,0.112,0.071,84.496,82.111,89.266,82.003,74.554,67.393,5.726,5.347,4.969,145.424
000950.SZ,2024-05-16,5.88,5.92,5.96,5.85,5.88,0.0,0.0,204884.69,120879.35,2.433,14.40336,5.7715,14.30604,5.73251,14.50068,5.8105,14.23305,5.70326,14.30604,5.73251,0.156,0.12,0.071,83.254,82.492,84.777,82.003,74.554,67.393,5.776,5.379,4.981,127.03
000950.SZ,2024-05-17,5.95,5.88,6.01,5.86,5.88,0.07,1.1905,252997.74,150460.17,2.433,14.30604,5.73251,14.47635,5.80075,14.62233,5.85924,14.25738,5.71301,14.30604,5.73251,0.166,0.13,0.073,84.754,83.246,87.77,85.316,76.848,68.876,5.815,5.419,5.023,121.933
000950.SZ,2024-05-20,6.06,5.98,6.09,5.98,5.95,0.11,1.8487,231560.39,140019.35,2.433,14.54934,5.83,14.74398,5.90799,14.81697,5.93724,14.54934,5.83,14.47635,5.80075,0.181,0.14,0.083,87.984,84.826,94.302,89.1,79.948,71.037,5.888,5.456,5.024,137.731
000950.SZ,2024-05-21,6.01,6.08,6.08,6.0,6.06,-0.05,-0.8251,142715.0,86076.57,2.433,14.79264,5.92749,14.62233,5.85924,14.79264,5.92749,14.598,5.8495,14.74398,5.90799,0.187,0.149,0.075,86.761,85.471,89.341,78.119,74.971,68.772,5.944,5.482,5.021,113.237
000950.SZ,2024-05-22,5.88,6.05,6.06,5.85,6.01,-0.13,-2.1631,259677.42,153968.59,2.433,14.71965,5.89824,14.30604,5.73251,14.74398,5.90799,14.23305,5.70326,14.62233,5.85924,0.179,0.155,0.048,76.888,82.61,65.445,56.424,63.72,63.298,5.971,5.503,5.036,65.718
000950.SZ,2024-05-23,5.73,5.99,6.04,5.69,5.88,-0.15,-2.551,498501.06,289516.06,2.433,14.57367,5.83975,13.94109,5.58627,14.69532,5.88849,13.84377,5.54727,14.30604,5.73251,0.16,0.156,0.007,60.102,75.107,30.092,40.753,53.596,57.762,5.976,5.519,5.061,12.357
000950.SZ,2024-05-24,5.71,5.73,5.87,5.68,5.73,-0.02,-0.349,244829.83,140706.18,2.433,13.94109,5.58627,13.89243,5.56677,14.28171,5.72276,13.81944,5.53752,13.94109,5.58627,0.141,0.153,-0.025,45.865,65.36,6.876,39.019,52.386,57.068,5.97,5.537,5.104,-28.964
000950.SZ,2024-05-27,5.89,5.71,5.98,5.67,5.71,0.18,3.1524,292511.56,170175.49,2.433,13.89243,5.56677,14.33037,5.74225,14.54934,5.83,13.79511,5.52777,13.89243,5.56677,0.138,0.15,-0.024,48.037,59.586,24.94,58.218,61.029,61.423,5.982,5.562,5.142,11.582
000950.SZ,2024-05-28,5.78,5.85,5.89,5.74,5.89,-0.11,-1.8676,173086.0,100216.71,2.433,14.23305,5.70326,14.06274,5.63501,14.33037,5.74225,13.96542,5.59602,14.33037,5.74225,0.126,0.145,-0.038,40.755,53.309,15.647,47.298,54.441,57.691,5.975,5.582,5.189,-27.027
000950.SZ,2024-05-29,5.79,5.74,5.83,5.7,5.78,0.01,0.173,139042.9,80089.33,2.433,13.96542,5.59602,14.08707,5.64476,14.18439,5.68376,13.8681,5.55702,14.06274,5.63501,0.116,0.14,-0.047,36.694,47.77,14.54,48.355,54.923,57.933,5.958,5.604,5.25,-54.984
000950.SZ,2024-05-30,5.89,5.75,5.93,5.72,5.79,0.1,1.7271,204784.59,120253.65,2.433,13.98975,5.60577,14.33037,5.74225,14.42769,5.78125,13.91676,5.57652,14.08707,5.64476,0.115,0.135,-0.04,41.923,45.821,34.126,58.372,59.592,60.307,5.936,5.631,5.327,-10.036
000950.SZ,2024-05-31,5.85,5.89,6.09,5.82,5.89,-0.04,-0.6791,192789.01,113691.54,2.433,14.33037,5.74225,14.23305,5.70326,14.81697,5.93724,14.16006,5.67401,14.33037,5.74225,0.109,0.13,-0.041,42.234,44.626,37.452,53.4,57.015,58.919,5.919,5.651,5.382,38.944
000950.SZ,2024-06-03,5.76,5.81,5.87,5.73,5.85,-0.09,-1.5385,147392.0,85220.28,2.433,14.13573,5.66426,14.01408,5.61552,14.28171,5.72276,13.94109,5.58627,14.23305,5.70326,0.097,0.123,-0.053,35.299,41.517,22.864,43.416,51.544,55.9,5.907,5.661,5.415,-82.789
000950.SZ,2024-06-04,5.75,5.85,5.88,5.55,5.76,-0.01,-0.1736,290778.81,165395.75,2.433,14.23305,5.70326,13.98975,5.60577,14.30604,5.73251,13.50315,5.41078,14.01408,5.61552,0.085,0.115,-0.061,35.878,39.637,28.361,42.36,50.951,55.569,5.898,5.668,5.439,-114.218
000950.SZ,2024-06-05,5.57,5.75,5.8,5.56,5.75,-0.18,-3.1304,233671.69,132334.3,2.433,13.98975,5.60577,13.55181,5.43028,14.1114,5.65451,13.52748,5.42053,13.98975,5.60577,0.061,0.104,-0.087,25.153,34.809,5.842,27.771,41.567,50.019,5.901,5.667,5.434,-152.008
000950.SZ,2024-06-06,5.35,5.57,5.59,5.26,5.52,-0.17,-3.0797,333958.89,179459.94,2.455,13.67435,5.47938,13.13425,5.26296,13.72345,5.49906,12.9133,5.17443,13.5516,5.4302,0.028,0.089,-0.123,20.638,30.086,1.742,19.92,34.883,45.498,5.942,5.652,5.362,-225.982
000950.SZ,2024-06-07,5.38,5.35,5.41,5.29,5.35,0.03,0.5607,166983.0,89362.96,2.455,13.13425,5.26296,13.2079,5.29247,13.28155,5.32199,12.98695,5.20394,13.13425,5.26296,0.004,0.072,-0.136,18.917,26.363,4.026,24.441,36.837,46.39,5.967,5.639,5.312,-195.865
000950.SZ,2024-06-11,5.45,5.35,5.46,5.27,5.38,0.07,1.3011,138070.27,74301.32,2.455,13.13425,5.26296,13.37975,5.36134,13.4043,5.37117,12.93785,5.18426,13.2079,5.29247,-0.009,0.056,-0.13,20.779,24.501,13.334,34.754,41.32,48.444,5.977,5.632,5.288,-137.916
000950.SZ,2024-06-12,5.39,5.42,5.47,5.35,5.45,-0.06,-1.1009,157230.26,84684.73,2.455,13.3061,5.33182,13.23245,5.30231,13.42885,5.38101,13.13425,5.26296,13.37975,5.36134,-0.024,0.04,-0.128,19.441,22.815,12.694,30.476,38.749,46.839,5.984,5.613,5.241,-105.137
000950.SZ,2024-06-13,5.29,5.38,5.4,5.25,5.39,-0.1,-1.8553,195607.86,103908.61,2.455,13.2079,5.29247,12.98695,5.20394,13.257,5.31215,12.88875,5.16459,13.23245,5.30231,-0.043,0.023,-0.133,14.658,20.096,3.783,24.455,34.81,44.287,5.994,5.586,5.179,-116.143
000950.SZ,2024-06-14,5.26,5.28,5.28,5.19,5.29,-0.03,-0.5671,122268.05,64005.41,2.455,12.9624,5.1941,12.9133,5.17443,12.9624,5.1941,12.74145,5.10557,12.98695,5.20394,-0.06,0.007,-0.134,13.433,17.875,4.55,22.831,33.689,43.544,5.997,5.559,5.12,-115.859
000950.SZ,2024-06-17,5.21,5.25,5.29,5.2,5.26,-0.05,-0.9506,77951.5,40806.18,2.455,12.88875,5.16459,12.79055,5.12524,12.98695,5.20394,12.766,5.1154,12.9133,5.17443,-0.077,-0.01,-0.133,10.002,15.251,-0.496,20.154,31.827,42.31,5.987,5.525,5.063,-100.752
000950.SZ,2024-06-18,5.28,5.21,5.37,5.2,5.21,0.07,1.3436,117722.5,62367.55,2.455,12.79055,5.12524,12.9624,5.1941,13.18335,5.28264,12.766,5.1154,12.79055,5.12524,-0.083,-0.025,-0.117,12.044,14.182,7.768,33.293,37.136,44.604,5.937,5.489,5.041,-73.703
000950.SZ,2024-06-19,5.26,5.28,5.33,5.23,5.28,-0.02,-0.3788,88406.19,46570.02,2.455,12.9624,5.1941,12.9133,5.17443,13.08515,5.24329,12.83965,5.14492,12.9624,5.1941,-0.089,-0.038,-0.103,13.863,14.075,13.437,31.515,36.256,44.081,5.889,5.455,5.02,-69.285
000950.SZ,2024-06-20,5.18,5.24,5.28,5.17,5.26,-0.08,-1.5209,104273.0,54328.07,2.455,12.8642,5.15475,12.7169,5.09573,12.9624,5.1941,12.69235,5.08589,12.9133,5.17443,-0.099,-0.05,-0.098,10.353,12.834,5.39,25.085,32.858,42.027,5.865,5.423,4.981,-87.419
000950.SZ,2024-06-21,5.26,5.2,5.39,5.17,5.18,0.08,1.5444,223328.9,118542.11,2.455,12.766,5.1154,12.9133,5.17443,13.23245,5.30231,12.69235,5.08589,12.7169,5.09573,-0.099,-0.06,-0.079,16.902,14.19,22.325,39.819,39.086,44.716,5.85,5.402,4.955,-58.552
000950.SZ,2024-06-24,4.98,5.21,5.21,4.95,5.26,-0.28,-5.3232,280133.59,141028.88,2.455,12.79055,5.12524,12.2259,4.89898,12.79055,5.12524,12.15225,4.86947,12.9133,5.17443,-0.12,-0.072,-0.097,13.191,13.857,11.859,21.806,28.863,38.238,5.86,5.369,4.878,-166.615
000950.SZ,2024-06-25,4.99,4.98,5.02,4.94,4.98,0.01,0.2008,148285.14,73826.06,2.4553,12.22739,4.89958,12.25195,4.90942,12.32561,4.93893,12.12918,4.86023,12.22739,4.89958,-0.135,-0.084,-0.1,12.422,13.379,10.509,23.382,29.624,38.59,5.826,5.327,4.829,-189.689
000950.SZ,2024-06-26,5.09,4.98,5.09,4.95,4.99,0.1,2.004,101484.29,51033.83,2.455,12.2259,4.89898,12.49595,5.00719,12.49595,5.00719,12.15225,4.86947,12.25045,4.90882,-0.136,-0.095,-0.083,19.363,15.374,27.341,37.535,36.558,41.828,5.792,5.296,4.8,-131.668
000950.SZ,2024-06-27,4.96,5.08,5.09,4.96,5.09,-0.13,-2.554,113510.0,56755.54,2.455,12.4714,4.99736,12.1768,4.87931,12.49595,5.00719,12.1768,4.87931,12.49595,5.00719,-0.147,-0.105,-0.083,14.347,15.031,12.979,29.098,32.052,39.02,5.758,5.258,4.757,-124.631
000950.SZ,2024-06-28,4.87,4.96,5.02,4.86,4.96,-0.09,-1.8145,191089.61,94354.7,2.455,12.1768,4.87931,11.95585,4.79077,12.3241,4.93833,11.9313,4.78093,12.1768,4.87931,-0.16,-0.116,-0.087,10.194,13.419,3.744,24.52,29.322,37.215,5.698,5.21,4.722,-134.017
000950.SZ,2024-07-01,5.02,4.86,5.03,4.84,4.87,0.15,3.0801,164976.73,81746.49,2.455,11.9313,4.78093,12.3241,4.93833,12.34865,4.94817,11.8822,4.76126,11.95585,4.79077,-0.157,-0.124,-0.065,17.705,14.848,23.42,42.587,38.799,41.89,5.617,5.172,4.726,-91.825
000950.SZ,2024-07-02,5.01,5.01,5.03,4.97,5.02,-0.01,-0.1992,78235.0,39107.85,2.455,12.29955,4.92849,12.29955,4.92849,12.34865,4.94817,12.20135,4.88914,12.3241,4.93833,-0.153,-0.13,-0.046,22.106,17.267,31.785,41.787,38.424,41.674,5.545,5.137,4.73,-62.193
000950.SZ,2024-07-03,4.99,4.98,5.06,4.96,5.01,-0.02,-0.3992,89750.9,44955.19,2.455,12.2259,4.89898,12.25045,4.90882,12.4223,4.97768,12.1768,4.87931,12.29955,4.92849,-0.15,-0.134,-0.032,23.828,19.454,32.577,39.984,37.631,41.231,5.461,5.103,4.745,-54.185
000950.SZ,2024-07-04,4.88,4.98,4.98,4.84,4.99,-0.11,-2.2044,99592.0,48886.18,2.455,12.2259,4.89898,11.9804,4.80061,12.2259,4.89898,11.8822,4.76126,12.25045,4.90882,-0.155,-0.138,-0.033,19.489,19.466,19.536,31.121,33.485,38.858,5.419,5.071,4.723,-97.532
000950.SZ,2024-07-05,4.94,4.86,4.97,4.85,4.88,0.06,1.2295,135593.16,66549.23,2.455,11.9313,4.78093,12.1277,4.85963,12.20135,4.88914,11.90675,4.7711,11.9804,4.80061,-0.152,-0.141,-0.022,26.326,21.753,35.473,39.848,37.578,40.797,5.399,5.051,4.703,-80.536
000950.SZ,2024-07-08,4.77,4.9,4.93,4.7,4.94,-0.17,-3.4413,174111.0,83576.16,2.455,12.0295,4.82028,11.71035,4.6924,12.10315,4.8498,11.5385,4.62354,12.1277,4.85963,-0.162,-0.145,-0.033,23.534,22.346,25.908,27.851,31.574,37.3,5.383,5.021,4.659,-144.392
000950.SZ,2024-07-09,4.62,4.7,4.71,4.49,4.77,-0.15,-3.1447,333722.0,153481.39,2.455,11.5385,4.62354,11.3421,4.54484,11.56305,4.63337,11.02295,4.41695,11.71035,4.6924,-0.179,-0.152,-0.054,22.911,22.535,23.665,21.118,27.365,34.571,5.363,4.98,4.597,-229.151
000950.SZ,2024-07-10,4.57,4.6,4.66,4.52,4.62,-0.05,-1.0823,181455.0,83074.5,2.455,11.293,4.52516,11.21935,4.49565,11.4403,4.58419,11.0966,4.44647,11.3421,4.54484,-0.194,-0.16,-0.068,19.953,21.674,16.51,19.256,26.1,33.713,5.348,4.94,4.532,-188.072
000950.SZ,2024-07-11,4.69,4.61,4.72,4.61,4.57,0.12,2.6258,156678.02,73306.7,2.455,11.31755,4.535,11.51395,4.6137,11.5876,4.64321,11.31755,4.535,11.21935,4.49565,-0.195,-0.167,-0.055,24.998,22.782,29.429,35.607,34.079,37.591,5.323,4.91,4.498,-112.747
000950.SZ,2024-07-12,4.7,4.69,4.78,4.67,4.69,0.01,0.2132,111254.99,52532.33,2.455,11.51395,4.6137,11.5385,4.62354,11.7349,4.70224,11.46485,4.59403,11.51395,4.6137,-0.192,-0.172,-0.04,28.946,24.837,37.164,36.885,34.72,37.907,5.295,4.883,4.471,-73.306
000950.SZ,2024-07-15,4.65,4.7,4.72,4.61,4.7,-0.05,-1.0638,88009.0,40878.24,2.455,11.5385,4.62354,11.41575,4.57435,11.5876,4.64321,11.31755,4.535,11.5385,4.62354,-0.192,-0.176,-0.031,28.654,26.109,33.744,32.96,32.972,36.932,5.272,4.855,4.438,-83.912
000950.SZ,2024-07-16,4.6,4.62,4.65,4.57,4.65,-0.05,-1.0753,95313.0,43826.74,2.455,11.3421,4.54484,11.293,4.52516,11.41575,4.57435,11.21935,4.49565,11.41575,4.57435,-0.193,-0.179,-0.027,26.586,26.268,27.221,29.228,31.255,35.966,5.232,4.822,4.411,-92.515
000950.SZ,2024-07-17,4.61,4.6,4.65,4.57,4.6,0.01,0.2174,87754.0,40452.65,2.455,11.293,4.52516,11.31755,4.535,11.41575,4.57435,11.21935,4.49565,11.293,4.52516,-0.191,-0.182,-0.019,26.057,26.198,25.776,31.1,32.027,36.314,5.185,4.79,4.395,-78.808
000950.SZ,2024-07-18,4.62,4.61,4.64,4.54,4.61,0.01,0.2169,101869.0,46822.27,2.455,11.31755,4.535,11.3421,4.54484,11.3912,4.56451,11.1457,4.46614,11.31755,4.535,-0.187,-0.183,-0.008,27.22,26.538,28.583,33.22,32.85,36.672,5.145,4.762,4.38,-72.91
000950.SZ,2024-07-19,4.63,4.62,4.66,4.6,4.62,0.01,0.2165,105404.0,48754.51,2.455,11.3421,4.54484,11.36665,4.55468,11.4403,4.58419,11.293,4.52516,11.3421,4.54484,-0.181,-0.182,0.004,34.239,29.105,44.505,35.599,33.725,37.042,5.073,4.731,4.389,-52.768
000950.SZ,2024-07-22,4.64,4.63,4.67,4.59,4.63,0.01,0.216,100192.49,46268.66,2.455,11.36665,4.55468,11.3912,4.56451,11.46485,4.59403,11.26845,4.51533,11.36665,4.55468,-0.173,-0.18,0.015,38.21,32.14,50.351,38.238,34.654,37.424,5.055,4.715,4.374,-45.498
000950.SZ,2024-07-23,4.59,4.63,4.66,4.59,4.64,-0.05,-1.0776,107803.0,49865.87,2.455,11.36665,4.55468,11.26845,4.51533,11.4403,4.58419,11.26845,4.51533,11.3912,4.56451,-0.169,-0.178,0.019,32.418,32.233,32.788,30.691,32.192,36.277,5.033,4.695,4.356,-53.072
000950.SZ,2024-07-24,4.59,4.57,4.62,4.55,4.59,0.0,0.0,101760.0,46698.92,2.455,11.21935,4.49565,11.26845,4.51533,11.3421,4.54484,11.17025,4.47598,11.26845,4.51533,-0.163,-0.175,0.024,28.556,31.007,23.655,30.691,32.192,36.277,4.985,4.67,4.355,-72.813
000950.SZ,2024-07-25,4.61,4.59,4.62,4.55,4.59,0.02,0.4357,86447.0,39688.34,2.455,11.26845,4.51533,11.31755,4.535,11.3421,4.54484,11.17025,4.47598,11.26845,4.51533,-0.156,-0.171,0.031,32.001,31.338,33.325,37.766,34.41,37.116,4.958,4.653,4.348,-66.667
000950.SZ,2024-07-26,4.68,4.61,4.69,4.59,4.61,0.07,1.5184,110075.91,51281.89,2.455,11.31755,4.535,11.4894,4.60386,11.51395,4.6137,11.26845,4.51533,11.31755,4.535,-0.143,-0.166,0.046,52.445,38.374,80.587,56.441,41.693,40.002,4.942,4.644,4.345,60.455
000950.SZ,2024-07-29,4.62,4.68,4.7,4.61,4.68,-0.06,-1.2821,93137.0,43277.97,2.455,11.4894,4.60386,11.3421,4.54484,11.5385,4.62354,11.31755,4.535,11.4894,4.60386,-0.136,-0.16,0.048,51.63,42.793,69.305,43.129,37.771,38.425,4.893,4.624,4.355,32.533
000950.SZ,2024-07-30,4.62,4.62,4.64,4.59,4.62,0.0,0.0,56224.22,25965.71,2.455,11.3421,4.54484,11.3421,4.54484,11.3912,4.56451,11.26845,4.51533,11.3421,4.54484,-0.128,-0.153,0.05,51.087,45.557,62.145,43.129,37.771,38.425,4.836,4.605,4.374,-35.144
000950.SZ,2024-07-31,4.75,4.63,4.75,4.6,4.62,0.13,2.8139,158070.02,74526.02,2.455,11.36665,4.55468,11.66125,4.67272,11.66125,4.67272,11.293,4.52516,11.3421,4.54484,-0.111,-0.145,0.068,67.391,52.835,96.503,67.238,49.917,43.665,4.781,4.593,4.405,150.038
000950.SZ,2024-08-01,4.78,4.76,4.84,4.75,4.75,0.03,0.6316,127492.02,61068.68,2.455,11.6858,4.68256,11.7349,4.70224,11.8822,4.76126,11.66125,4.67272,11.66125,4.67272,-0.094,-0.135,0.082,71.364,59.012,96.069,70.68,52.263,44.796,4.758,4.588,4.418,277.56
000950.SZ,2024-08-02,4.8,4.78,4.86,4.75,4.78,0.02,0.4184,119675.0,57705.5,2.455,11.7349,4.70224,11.784,4.72191,11.9313,4.78093,11.66125,4.67272,11.7349,4.70224,-0.078,-0.123,0.091,74.458,64.16,95.053,72.953,53.835,45.557,4.714,4.581,4.448,204.955
000950.SZ,2024-08-05,4.77,4.8,4.88,4.76,4.8,-0.03,-0.625,124956.0,60264.29,2.455,11.784,4.72191,11.71035,4.6924,11.9804,4.80061,11.6858,4.68256,11.784,4.72191,-0.067,-0.112,0.091,71.861,66.727,82.128,64.019,51.082,44.595,4.714,4.581,4.448,147.172
000950.SZ,2024-08-06,4.83,4.77,4.85,4.77,4.77,0.06,1.2579,89822.87,43200.86,2.455,11.71035,4.6924,11.85765,4.75142,11.90675,4.7711,11.71035,4.6924,11.71035,4.6924,-0.052,-0.1,0.095,76.19,69.881,88.807,72.192,55.993,46.933,4.742,4.592,4.441,123.474
000950.SZ,2024-08-07,4.8,4.83,4.85,4.78,4.83,-0.03,-0.6211,76699.0,36858.97,2.455,11.85765,4.75142,11.784,4.72191,11.90675,4.7711,11.7349,4.70224,11.85765,4.75142,-0.043,-0.089,0.091,74.931,71.565,81.664,63.533,53.086,45.922,4.757,4.603,4.449,96.457
000950.SZ,2024-08-08,4.96,4.8,4.98,4.79,4.8,0.16,3.3333,206567.6,101359.25,2.455,11.784,4.72191,12.1768,4.87931,12.2259,4.89898,11.75945,4.71207,11.784,4.72191,-0.023,-0.075,0.106,81.578,74.903,94.929,79.37,63.969,51.711,4.812,4.616,4.42,139.933
000950.SZ,2024-08-09,4.89,4.98,5.01,4.88,4.96,-0.07,-1.4113,134192.11,66273.45,2.455,12.2259,4.89898,12.00495,4.81045,12.29955,4.92849,11.9804,4.80061,12.1768,4.87931,-0.012,-0.063,0.102,78.195,76.0,82.585,64.634,57.592,49.302,4.839,4.626,4.412,124.159
000950.SZ,2024-08-12,4.93,4.9,5.0,4.86,4.89,0.04,0.818,94745.24,46741.03,2.455,12.0295,4.82028,12.10315,4.8498,12.275,4.91866,11.9313,4.78093,12.00495,4.81045,0.0,-0.05,0.1,78.959,76.986,82.905,68.628,60.073,50.672,4.872,4.639,4.406,109.408
000950.SZ,2024-08-13,4.9,4.93,4.94,4.86,4.93,-0.03,-0.6085,80183.71,39216.09,2.455,12.10315,4.8498,12.0295,4.82028,12.1277,4.85963,11.9313,4.78093,12.10315,4.8498,0.007,-0.039,0.091,71.87,75.281,65.049,62.296,57.329,49.622,4.894,4.654,4.414,82.887
000950.SZ,2024-08-14,4.85,4.93,4.93,4.83,4.9,-0.05,-1.0204,64472.0,31336.72,2.455,12.10315,4.8498,11.90675,4.7711,12.10315,4.8498,11.85765,4.75142,12.0295,4.82028,0.008,-0.03,0.075,60.734,70.432,41.338,52.591,52.933,47.897,4.904,4.666,4.428,57.151
000950.SZ,2024-08-15,4.84,4.84,4.91,4.81,4.85,-0.01,-0.2062,85796.21,41666.49,2.455,11.8822,4.76126,11.8822,4.76126,12.05405,4.83012,11.80855,4.73175,11.90675,4.7711,0.008,-0.022,0.06,51.156,64.007,25.455,50.696,52.062,47.552,4.912,4.677,4.442,36.752
000950.SZ,2024-08-16,4.83,4.86,4.89,4.82,4.84,-0.01,-0.2066,56351.0,27261.77,2.455,11.9313,4.78093,11.85765,4.75142,12.00495,4.81045,11.8331,4.74159,11.8822,4.76126,0.007,-0.016,0.047,42.437,56.817,13.678,48.594,51.144,47.197,4.917,4.686,4.456,20.57
000950.SZ,2024-08-19,4.85,4.85,4.87,4.83,4.83,0.02,0.4141,67204.0,32630.1,2.455,11.90675,4.7711,11.90675,4.7711,11.95585,4.79077,11.85765,4.75142,11.85765,4.75142,0.008,-0.011,0.039,38.436,50.69,13.929,53.246,52.954,48.007,4.923,4.697,4.471,8.873
000950.SZ,2024-08-20,4.74,4.86,4.87,4.7,4.85,-0.11,-2.268,107920.0,51383.81,2.455,11.9313,4.78093,11.6367,4.66289,11.95585,4.79077,11.5385,4.62354,11.90675,4.7711,0.0,-0.009,0.018,29.925,43.769,2.239,33.336,43.323,44.123,4.915,4.704,4.494,-122.222
000950.SZ,2024-08-21,4.64,4.69,4.78,4.63,4.74,-0.1,-2.1097,95929.17,44833.72,2.455,11.51395,4.6137,11.3912,4.56451,11.7349,4.70224,11.36665,4.55468,11.6367,4.66289,-0.014,-0.01,-0.008,20.827,36.122,-9.761,23.678,36.703,40.979,4.909,4.707,4.504,-204.863
000950.SZ,2024-08-22,4.61,4.65,4.67,4.6,4.64,-0.03,-0.6466,78407.59,36300.19,2.455,11.41575,4.57435,11.31755,4.535,11.46485,4.59403,11.293,4.52516,11.3912,4.56451,-0.027,-0.013,-0.028,14.718,28.987,-13.819,21.442,34.955,40.085,4.909,4.707,4.504,-204.589
000950.SZ,2024-08-23,4.59,4.63,4.63,4.54,4.61,-0.02,-0.4338,77289.38,35351.05,2.455,11.36665,4.55468,11.26845,4.51533,11.36665,4.55468,11.1457,4.46614,11.31755,4.535,-0.039,-0.018,-0.041,13.979,23.984,-6.032,19.935,33.784,39.485,4.917,4.702,4.487,-179.633
000950.SZ,2024-08-26,4.59,4.59,4.6,4.54,4.59,0.0,0.0,71917.0,32887.07,2.455,11.26845,4.51533,11.26845,4.51533,11.293,4.52516,11.1457,4.46614,11.26845,4.51533,-0.048,-0.024,-0.046,13.593,20.52,-0.263,19.935,33.784,39.485,4.92,4.701,4.481,-139.033
000950.SZ,2024-08-27,4.62,4.59,4.66,4.57,4.59,0.03,0.6536,74878.0,34578.23,2.455,11.26845,4.51533,11.3421,4.54484,11.4403,4.58419,11.21935,4.49565,11.26845,4.51533,-0.051,-0.03,-0.043,16.269,19.103,10.6,30.484,37.519,40.928,4.92,4.701,4.481,-92.745
000950.SZ,2024-08-28,4.64,4.64,4.67,4.58,4.62,0.02,0.4329,66344.0,30743.51,2.455,11.3912,4.56451,11.3912,4.56451,11.46485,4.59403,11.2439,4.50549,11.3421,4.54484,-0.052,-0.034,-0.036,20.37,19.526,22.058,37.112,39.98,41.892,4.923,4.695,4.468,-72.297
000950.SZ,2024-08-29,4.68,4.64,4.69,4.61,4.64,0.04,0.8621,67401.76,31448.46,2.455,11.3912,4.56451,11.4894,4.60386,11.51395,4.6137,11.31755,4.535,11.3912,4.56451,-0.049,-0.037,-0.024,27.721,22.257,38.649,48.824,44.731,43.805,4.921,4.69,4.46,-47.154
000950.SZ,2024-08-30,4.83,4.68,4.87,4.65,4.68,0.15,3.2051,166028.81,79186.48,2.455,11.4894,4.60386,11.85765,4.75142,11.95585,4.79077,11.41575,4.57435,11.4894,4.60386,-0.035,-0.037,0.004,47.774,30.763,81.796,72.157,58.25,50.219,4.924,4.692,4.46,31.845
000950.SZ,2024-09-02,4.8,4.79,4.84,4.74,4.83,-0.03,-0.6211,108602.29,52084.15,2.455,11.75945,4.71207,11.784,4.72191,11.8822,4.76126,11.6367,4.66289,11.85765,4.75142,-0.025,-0.034,0.019,58.112,39.879,94.577,65.04,55.299,49.051,4.926,4.693,4.461,46.154
000950.SZ,2024-09-03,4.81,4.8,4.86,4.78,4.8,0.01,0.2083,81862.0,39418.63,2.455,11.784,4.72191,11.80855,4.73175,11.9313,4.78093,11.7349,4.70224,11.784,4.72191,-0.017,-0.031,0.029,66.014,48.591,100.86,66.367,56.108,49.46,4.924,4.692,4.461,67.0
000950.SZ,2024-09-04,4.79,4.78,4.86,4.76,4.81,-0.02,-0.4158,125044.0,60194.2,2.455,11.7349,4.70224,11.75945,4.71207,11.9313,4.78093,11.6858,4.68256,11.80855,4.73175,-0.011,-0.027,0.031,69.262,55.481,96.823,60.826,53.977,48.645,4.923,4.692,4.461,62.511
000950.SZ,2024-09-05,4.85,4.78,4.87,4.77,4.79,0.06,1.2526,123559.24,59494.29,2.455,11.7349,4.70224,11.90675,4.7711,11.95585,4.79077,11.71035,4.6924,11.75945,4.71207,-0.002,-0.022,0.04,77.488,62.817,106.83,69.879,59.064,51.164,4.905,4.686,4.468,83.86
000950.SZ,2024-09-06,4.76,4.86,4.95,4.75,4.85,-0.09,-1.8557,101689.45,49040.49,2.455,11.9313,4.78093,11.6858,4.68256,12.15225,4.86947,11.66125,4.67272,11.90675,4.7711,-0.002,-0.018,0.032,68.325,64.653,75.67,49.35,50.018,47.516,4.891,4.68,4.469,79.964
000950.SZ,2024-09-09,4.79,4.75,4.84,4.71,4.76,0.03,0.6303,105156.46,50154.97,2.455,11.66125,4.67272,11.75945,4.71207,11.8822,4.76126,11.56305,4.63337,11.6858,4.68256,0.0,-0.014,0.029,64.469,64.592,64.224,54.676,52.655,48.786,4.87,4.673,4.477,48.841
000950.SZ,2024-09-10,4.83,4.77,4.84,4.72,4.79,0.04,0.8351,132874.61,63467.39,2.455,11.71035,4.6924,11.85765,4.75142,11.8822,4.76126,11.5876,4.64321,11.75945,4.71207,0.005,-0.01,0.031,64.548,64.577,64.49,61.204,56.029,50.454,4.858,4.67,4.481,53.779
000950.SZ,2024-09-11,4.81,4.8,4.84,4.78,4.83,-0.02,-0.4141,62093.8,29820.46,2.455,11.784,4.72191,11.80855,4.73175,11.8822,4.76126,11.7349,4.70224,11.85765,4.75142,0.008,-0.007,0.029,60.81,63.321,55.787,56.336,53.932,49.611,4.853,4.668,4.483,56.671
000950.SZ,2024-09-12,4.78,4.79,4.83,4.78,4.81,-0.03,-0.6237,66745.98,32076.35,2.455,11.75945,4.71207,11.7349,4.70224,11.85765,4.75142,11.7349,4.70224,11.80855,4.73175,0.007,-0.004,0.022,50.262,58.968,32.85,49.28,50.82,48.346,4.846,4.665,4.484,40.988
000950.SZ,2024-09-13,4.79,4.77,4.83,4.75,4.78,0.01,0.2092,69006.06,33081.7,2.455,11.71035,4.6924,11.75945,4.71207,11.85765,4.75142,11.66125,4.67272,11.7349,4.70224,0.007,-0.002,0.018,44.619,54.185,25.487,51.7,51.831,48.8,4.841,4.663,4.485,28.352
000950.SZ,2024-09-18,4.68,4.82,4.82,4.64,4.79,-0.11,-2.2965,90428.0,42528.83,2.455,11.8331,4.74159,11.4894,4.60386,11.8331,4.74159,11.3912,4.56451,11.75945,4.71207,-0.001,-0.002,0.001,34.047,47.473,7.197,31.724,41.578,44.329,4.827,4.655,4.482,-88.269
000950.SZ,2024-09-19,4.72,4.71,4.76,4.63,4.68,0.04,0.8547,90858.0,42747.35,2.455,11.56305,4.63337,11.5876,4.64321,11.6858,4.68256,11.36665,4.55468,11.4894,4.60386,-0.005,-0.002,-0.005,32.073,42.339,11.541,41.575,45.829,46.199,4.826,4.654,4.481,-135.484
000950.SZ,2024-09-20,4.69,4.7,4.72,4.65,4.72,-0.03,-0.6356,56816.22,26586.58,2.455,11.5385,4.62354,11.51395,4.6137,11.5876,4.64321,11.41575,4.57435,11.5876,4.64321,-0.01,-0.004,-0.012,27.632,37.437,8.022,36.796,43.254,45.016,4.824,4.656,4.488,-183.768
000950.SZ,2024-09-23,4.67,4.71,4.73,4.66,4.69,-0.02,-0.4264,62840.0,29494.45,2.455,11.56305,4.63337,11.46485,4.59403,11.61215,4.65305,11.4403,4.58419,11.51395,4.6137,-0.015,-0.006,-0.018,24.771,33.215,7.882,33.698,41.555,44.227,4.821,4.659,4.497,-133.333
000950.SZ,2024-09-24,4.9,4.68,4.97,4.68,4.67,0.23,4.9251,248637.23,119849.01,2.455,11.4894,4.60386,12.0295,4.82028,12.20135,4.88914,11.4894,4.60386,11.46485,4.59403,-0.002,-0.005,0.008,42.984,36.471,56.01,69.333,60.842,53.912,4.836,4.674,4.512,106.061
000950.SZ,2024-09-25,5.13,5.1,5.29,5.07,4.9,0.23,4.6939,463169.6,240142.42,2.455,12.5205,5.01703,12.59415,5.04654,12.98695,5.20394,12.44685,4.98752,12.0295,4.82028,0.027,0.001,0.052,53.909,42.284,77.159,81.357,71.208,60.982,4.916,4.701,4.486,363.415
000950.SZ,2024-09-26,5.27,5.13,5.27,5.06,5.13,0.14,2.729,277532.88,143085.45,2.455,12.59415,5.04654,12.93785,5.18426,12.93785,5.18426,12.4223,4.97768,12.59415,5.04654,0.061,0.013,0.095,68.262,50.943,102.901,85.507,75.512,64.446,5.023,4.733,4.443,238.874
000950.SZ,2024-09-27,5.34,5.3,5.43,5.23,5.27,0.07,1.3283,450428.73,239443.84,2.455,13.0115,5.21378,13.1097,5.25313,13.33065,5.34166,12.83965,5.14492,12.93785,5.18426,0.092,0.029,0.126,75.092,58.993,107.289,87.215,77.358,66.02,5.125,4.767,4.41,198.554
000950.SZ,2024-09-30,5.76,5.49,5.81,5.36,5.34,0.42,7.8652,622735.66,349128.23,2.455,13.47795,5.40069,14.1408,5.66629,14.26355,5.71548,13.1588,5.2728,13.1097,5.25313,0.148,0.053,0.191,81.982,66.656,112.634,93.083,84.84,73.395,5.343,4.82,4.298,204.455
000950.SZ,2024-10-08,5.84,6.32,6.32,5.6,5.76,0.08,1.3889,813102.84,481848.84,2.455,15.5156,6.21718,14.3372,5.74499,15.5156,6.21718,13.748,5.5089,14.1408,5.66629,0.197,0.082,0.23,78.521,70.611,94.34,93.74,85.814,74.495,5.528,4.87,4.212,191.417
000950.SZ,2024-10-09,5.32,5.75,5.75,5.32,5.84,-0.52,-8.9041,533197.32,294206.32,2.455,14.11625,5.65646,13.0606,5.23345,14.11625,5.65646,13.0606,5.23345,14.3372,5.74499,0.192,0.104,0.176,65.72,68.981,59.2,53.854,58.955,58.178,5.568,4.896,4.223,79.616
000950.SZ,2024-10-10,5.34,5.35,5.53,5.23,5.32,0.02,0.3759,304047.84,163348.31,2.455,13.13425,5.26296,13.1097,5.25313,13.57615,5.44003,12.83965,5.14492,13.0606,5.23345,0.187,0.12,0.134,57.468,65.143,42.118,54.743,59.487,58.542,5.607,4.922,4.236,52.319
000950.SZ,2024-10-11,5.22,5.34,5.39,5.15,5.34,-0.12,-2.2472,283470.62,149676.62,2.455,13.1097,5.25313,12.8151,5.13508,13.23245,5.30231,12.64325,5.06622,13.1097,5.25313,0.172,0.131,0.083,49.288,59.858,28.147,48.076,54.834,55.513,5.627,4.943,4.258,25.37
000950.SZ,2024-10-14,5.29,5.25,5.29,5.13,5.22,0.07,1.341,238479.91,124649.25,2.455,12.88875,5.16459,12.98695,5.20394,12.98695,5.20394,12.59415,5.04654,12.8151,5.13508,0.164,0.137,0.053,38.943,52.886,11.057,52.155,56.976,56.872,5.653,4.964,4.276,16.928
000950.SZ,2024-10-15,5.13,5.25,5.29,5.11,5.29,-0.16,-3.0246,296792.91,154157.89,2.455,12.88875,5.16459,12.59415,5.04654,12.98695,5.20394,12.54505,5.02687,12.98695,5.20394,0.143,0.138,0.009,27.814,44.529,-5.616,42.91,50.952,53.011,5.66,4.983,4.305,-3.717
000950.SZ,2024-10-16,5.24,5.09,5.36,5.06,5.13,0.11,2.1442,336671.24,175678.93,2.455,12.49595,5.00719,12.8642,5.15475,13.1588,5.2728,12.4223,4.97768,12.59415,5.04654,0.134,0.137,-0.008,23.305,37.454,-4.995,50.194,54.556,55.193,5.674,5.005,4.336,-2.474
000950.SZ,2024-10-17,5.14,5.35,5.43,5.13,5.24,-0.1,-1.9084,347250.0,182749.83,2.455,13.13425,5.26296,12.6187,5.05638,13.33065,5.34166,12.59415,5.04654,12.8642,5.15475,0.117,0.133,-0.033,17.653,30.854,-8.749,44.061,50.851,52.865,5.679,5.02,4.361,-11.523
000950.SZ,2024-10-18,5.23,5.15,5.32,5.09,5.14,0.09,1.751,371572.66,193157.63,2.455,12.64325,5.06622,12.83965,5.14492,13.0606,5.23345,12.49595,5.00719,12.6187,5.05638,0.109,0.129,-0.038,16.266,25.991,-3.185,50.582,53.923,54.661,5.688,5.041,4.393,-35.727
000950.SZ,2024-10-21,5.19,5.26,5.26,5.16,5.23,-0.04,-0.7648,272697.11,141786.17,2.455,12.9133,5.17443,12.74145,5.10557,12.9133,5.17443,12.6678,5.07605,12.83965,5.14492,0.099,0.123,-0.047,17.124,23.035,5.301,47.621,52.337,53.712,5.69,5.061,4.432,-55.23
000950.SZ,2024-10-22,5.31,5.19,5.31,5.18,5.19,0.12,2.3121,278366.65,146019.62,2.455,12.74145,5.10557,13.03605,5.22361,13.03605,5.22361,12.7169,5.09573,12.74145,5.10557,0.1,0.118,-0.037,29.147,25.072,37.295,56.737,56.522,56.099,5.698,5.086,4.475,-31.886
000950.SZ,2024-10-23,5.32,5.32,5.34,5.27,5.31,0.01,0.1883,227706.04,120801.83,2.455,13.0606,5.23345,13.0606,5.23345,13.1097,5.25313,12.93785,5.18426,13.03605,5.22361,0.1,0.114,-0.03,42.854,31.0,66.564,57.477,56.867,56.295,5.69,5.118,4.545,-16.494
000950.SZ,2024-10-24,5.3,5.31,5.37,5.28,5.32,-0.02,-0.3759,167129.0,88893.47,2.455,13.03605,5.22361,13.0115,5.21378,13.18335,5.28264,12.9624,5.1941,13.0606,5.23345,0.097,0.111,-0.028,50.191,37.397,75.78,55.211,55.901,55.775,5.677,5.146,4.616,-12.805
000950.SZ,2024-10-25,5.48,5.3,5.48,5.29,5.3,0.18,3.3962,309341.63,167152.27,2.455,13.0115,5.21378,13.4534,5.39085,13.4534,5.39085,12.98695,5.20394,13.0115,5.21378,0.108,0.11,-0.005,66.794,47.196,105.99,68.589,62.204,59.303,5.665,5.185,4.705,48.307
000950.SZ,2024-10-28,5.62,5.49,5.63,5.47,5.48,0.14,2.5547,302276.03,167936.93,2.455,13.47795,5.40069,13.7971,5.52857,13.82165,5.53841,13.42885,5.38101,13.4534,5.39085,0.126,0.113,0.025,77.278,57.223,117.387,75.437,66.292,61.777,5.651,5.232,4.813,201.346
000950.SZ,2024-10-29,5.45,5.67,5.7,5.43,5.62,-0.17,-3.0249,288864.0,159377.81,2.455,13.91985,5.57776,13.37975,5.36134,13.9935,5.60727,13.33065,5.34166,13.7971,5.52857,0.125,0.116,0.019,71.191,61.879,89.814,57.25,57.984,57.358,5.636,5.259,4.882,154.212
000950.SZ,2024-10-30,5.42,5.42,5.5,5.35,5.45,-0.03,-0.5505,199007.14,108064.43,2.455,13.3061,5.33182,13.3061,5.33182,13.5025,5.41052,13.13425,5.26296,13.37975,5.36134,0.121,0.117,0.009,65.493,63.084,70.312,54.47,56.618,56.612,5.638,5.273,4.908,74.558
000950.SZ,2024-10-31,5.49,5.43,5.52,5.39,5.42,0.07,1.2915,231746.8,126167.68,2.455,13.33065,5.34166,13.47795,5.40069,13.5516,5.4302,13.23245,5.30231,13.3061,5.33182,0.122,0.118,0.008,64.033,63.4,65.298,59.92,59.072,57.944,5.651,5.284,4.917,84.442
000950.SZ,2024-11-01,5.54,5.48,5.62,5.36,5.49,0.05,0.9107,390237.18,214685.05,2.455,13.4534,5.39085,13.6007,5.44987,13.7971,5.52857,13.1588,5.2728,13.47795,5.40069,0.125,0.119,0.012,65.765,64.189,68.919,63.651,60.8,58.884,5.667,5.294,4.921,89.6
000950.SZ,2024-11-04,5.58,5.58,5.61,5.5,5.54,0.04,0.722,230819.04,128116.72,2.455,13.6989,5.48922,13.6989,5.48922,13.77255,5.51873,13.5025,5.41052,13.6007,5.44987,0.13,0.121,0.016,67.875,65.417,72.789,66.632,62.194,59.637,5.63,5.285,4.94,102.983
000950.SZ,2024-11-05,5.66,5.58,5.68,5.54,5.58,0.08,1.4337,315503.59,177298.68,2.455,13.6989,5.48922,13.8953,5.56792,13.9444,5.58759,13.6007,5.44987,13.6989,5.48922,0.138,0.125,0.026,75.408,68.748,88.73,72.12,64.914,61.124,5.58,5.276,4.972,118.885
000950.SZ,2024-11-06,5.65,5.66,5.75,5.57,5.66,-0.01,-0.1767,362783.88,204580.11,2.455,13.8953,5.56792,13.87075,5.55808,14.11625,5.65646,13.67435,5.47938,13.8953,5.56792,0.142,0.128,0.027,76.359,71.285,86.508,70.383,64.283,60.831,5.619,5.292,4.966,117.64
000950.SZ,2024-11-07,5.8,5.62,5.82,5.61,5.65,0.15,2.6549,348204.92,199958.75,2.455,13.7971,5.52857,14.239,5.70564,14.2881,5.72532,13.77255,5.51873,13.87075,5.55808,0.155,0.133,0.043,82.821,75.13,98.203,79.338,69.183,63.558,5.687,5.315,4.943,141.512
000950.SZ,2024-11-08,5.73,5.84,5.89,5.67,5.8,-0.07,-1.2069,411386.98,236929.09,2.455,14.3372,5.74499,14.06715,5.63678,14.45995,5.79418,13.91985,5.57776,14.239,5.70564,0.158,0.138,0.039,78.671,76.31,83.392,67.85,64.667,61.474,5.728,5.34,4.953,134.606
000950.SZ,2024-11-11,5.71,5.73,5.78,5.6,5.73,-0.02,-0.349,340041.64,192637.9,2.455,14.06715,5.63678,14.01805,5.61711,14.1899,5.68597,13.748,5.5089,14.06715,5.63678,0.157,0.142,0.03,74.669,75.763,72.481,64.641,63.377,60.879,5.761,5.361,4.961,87.056
000950.SZ,2024-11-12,5.91,5.71,6.1,5.71,5.71,0.2,3.5026,793462.89,472026.9,2.455,14.01805,5.61711,14.50905,5.81385,14.9755,6.00076,14.01805,5.61711,14.01805,5.61711,0.17,0.148,0.045,74.554,75.36,72.942,77.443,69.921,64.469,5.818,5.399,4.98,169.788
000950.SZ,2024-11-13,5.8,5.89,5.94,5.72,5.91,-0.11,-1.8613,363453.47,210922.1,2.455,14.45995,5.79418,14.239,5.70564,14.5827,5.84336,14.0426,5.62694,14.50905,5.81385,0.17,0.152,0.036,69.523,73.415,61.739,62.506,63.151,61.244,5.85,5.427,5.003,107.102
000950.SZ,2024-11-14,5.63,5.75,5.85,5.6,5.8,-0.17,-2.931,307183.0,175663.55,2.455,14.11625,5.65646,13.82165,5.53841,14.36175,5.75483,13.748,5.5089,14.239,5.70564,0.155,0.153,0.004,53.571,66.8,27.112,46.039,54.288,56.672,5.841,5.451,5.061,30.962
000950.SZ,2024-11-15,5.5,5.58,5.68,5.5,5.63,-0.13,-2.3091,263678.27,147193.35,2.455,13.6989,5.48922,13.5025,5.41052,13.9444,5.58759,13.5025,5.41052,13.82165,5.53841,0.131,0.148,-0.035,35.714,56.438,-5.734,37.075,48.599,53.486,5.829,5.464,5.099,-46.196
000950.SZ,2024-11-18,5.58,5.54,5.72,5.53,5.47,0.11,2.011,414902.0,233899.27,2.4685,13.67549,5.47984,13.77423,5.51941,14.11982,5.65789,13.65081,5.46995,13.5027,5.4106,0.119,0.142,-0.047,29.958,47.611,-5.348,47.515,53.158,55.699,5.811,5.485,5.159,-4.271
000950.SZ,2024-11-19,5.68,5.6,5.69,5.5,5.58,0.1,1.7921,296446.88,165948.27,2.4685,13.8236,5.53919,14.02108,5.61832,14.04577,5.62821,13.57675,5.44027,13.77423,5.51941,0.116,0.137,-0.042,31.707,42.31,10.502,55.554,56.944,57.61,5.812,5.505,5.197,-7.251
000950.SZ,2024-11-20,5.77,5.66,5.84,5.63,5.68,0.09,1.5845,276995.1,159232.65,2.4685,13.97171,5.59854,14.24325,5.70734,14.41604,5.77658,13.89766,5.56886,14.02108,5.61832,0.12,0.134,-0.027,37.901,40.84,32.022,61.863,60.109,59.261,5.821,5.528,5.235,71.837
000950.SZ,2024-11-21,5.75,5.77,5.78,5.68,5.77,-0.02,-0.3466,210383.59,120407.53,2.4685,14.24325,5.70734,14.19388,5.68756,14.26793,5.71723,14.02108,5.61832,14.24325,5.70734,0.12,0.131,-0.022,40.913,40.865,41.009,59.607,59.056,58.731,5.814,5.552,5.29,53.623
000950.SZ,2024-11-22,5.53,5.75,5.84,5.51,5.75,-0.22,-3.8261,309501.58,175698.32,2.4685,14.19388,5.68756,13.65081,5.46995,14.41604,5.77658,13.60144,5.45017,14.19388,5.68756,0.101,0.125,-0.048,30.631,37.453,16.987,40.237,48.803,53.26,5.811,5.556,5.301,-49.755
000950.SZ,2024-11-25,5.57,5.55,5.62,5.49,5.53,0.04,0.7233,177864.0,98467.98,2.4685,13.70018,5.48973,13.74955,5.50951,13.87297,5.55897,13.55207,5.43038,13.65081,5.46995,0.089,0.118,-0.058,28.044,34.317,15.499,44.193,50.507,54.071,5.81,5.555,5.3,-105.668
000950.SZ,2024-11-26,5.58,5.57,5.63,5.54,5.57,0.01,0.1795,143979.0,80484.86,2.4685,13.74955,5.50951,13.77423,5.51941,13.89766,5.56886,13.67549,5.47984,13.74955,5.50951,0.078,0.11,-0.063,28.611,32.415,21.003,45.28,50.953,54.278,5.803,5.563,5.323,-79.306
000950.SZ,2024-11-27,5.58,5.58,5.59,5.42,5.58,0.0,0.0,235462.85,129458.87,2.4685,13.77423,5.51941,13.77423,5.51941,13.79892,5.5293,13.37927,5.36114,13.77423,5.51941,0.07,0.102,-0.065,31.772,32.201,30.916,45.28,50.953,54.278,5.789,5.572,5.355,-107.856
000950.SZ,2024-11-28,5.61,5.58,5.65,5.55,5.58,0.03,0.5376,190467.85,106699.38,2.4685,13.77423,5.51941,13.84829,5.54908,13.94703,5.58865,13.70018,5.48973,13.77423,5.51941,0.064,0.094,-0.06,36.261,33.554,41.675,49.527,52.479,54.942,5.782,5.58,5.377,-41.519
000950.SZ,2024-11-29,5.73,5.62,5.82,5.62,5.61,0.12,2.139,363699.19,209037.8,2.4685,13.87297,5.55897,14.14451,5.66778,14.36667,5.7568,13.87297,5.55897,13.84829,5.54908,0.069,0.089,-0.041,48.777,38.629,69.074,63.225,58.161,57.517,5.788,5.591,5.394,52.527
000950.SZ,2024-12-02,5.88,5.73,5.99,5.72,5.73,0.15,2.6178,421355.65,245663.97,2.4685,14.14451,5.66778,14.51478,5.81615,14.78632,5.92495,14.11982,5.65789,14.14451,5.66778,0.083,0.088,-0.009,59.419,45.559,87.139,73.865,64.027,60.463,5.821,5.607,5.393,165.743
000950.SZ,2024-12-03,5.88,5.89,5.93,5.78,5.88,0.0,0.0,264121.0,154785.83,2.4685,14.53947,5.82604,14.51478,5.81615,14.63821,5.86561,14.26793,5.71723,14.51478,5.81615,0.094,0.089,0.009,66.513,52.543,94.452,73.865,64.027,60.463,5.851,5.619,5.388,150.373
000950.SZ,2024-12-04,5.76,5.87,5.89,5.72,5.88,-0.12,-2.0408,215904.17,125488.79,2.4685,14.4901,5.80626,14.21856,5.69745,14.53947,5.82604,14.11982,5.65789,14.51478,5.81615,0.092,0.09,0.004,64.225,56.437,79.801,55.4,56.487,57.018,5.859,5.626,5.394,79.632
000950.SZ,2024-12-05,5.74,5.73,5.77,5.68,5.76,-0.02,-0.3472,153960.5,88091.35,2.4685,14.14451,5.66778,14.16919,5.67767,14.24325,5.70734,14.02108,5.61832,14.21856,5.69745,0.087,0.089,-0.004,61.53,58.135,68.321,52.762,55.303,56.459,5.856,5.625,5.394,31.899
000950.SZ,2024-12-06,5.81,5.76,5.82,5.72,5.74,0.07,1.2195,187475.51,108438.73,2.4685,14.21856,5.69745,14.34199,5.74691,14.36667,5.7568,14.11982,5.65789,14.16919,5.67767,0.088,0.089,-0.002,63.827,60.032,71.417,60.635,58.615,57.965,5.867,5.63,5.394,60.994
000950.SZ,2024-12-09,5.92,5.8,5.95,5.8,5.81,0.11,1.8933,352217.7,207956.73,2.4685,14.3173,5.73702,14.61352,5.85571,14.68758,5.88539,14.3173,5.73702,14.34199,5.74691,0.097,0.091,0.012,71.791,63.952,87.47,70.048,63.28,60.221,5.898,5.642,5.386,119.327
000950.SZ,2024-12-10,5.81,6.0,6.05,5.8,5.92,-0.11,-1.8581,351429.0,207787.46,2.4685,14.811,5.93485,14.34199,5.74691,14.93443,5.9843,14.3173,5.73702,14.61352,5.85571,0.094,0.091,0.005,65.194,64.366,66.85,54.43,56.351,57.027,5.888,5.639,5.39,102.169
000950.SZ,2024-12-11,6.1,5.8,6.12,5.8,5.81,0.29,4.9914,513816.0,308859.7,2.4685,14.3173,5.73702,15.05785,6.03376,15.10722,6.05354,14.3173,5.73702,14.34199,5.74691,0.113,0.095,0.035,75.463,68.065,90.258,73.278,66.805,62.499,5.957,5.655,5.354,141.055
000950.SZ,2024-12-12,6.16,6.12,6.24,6.03,6.1,0.06,0.9836,572354.26,352480.04,2.4685,15.10722,6.05354,15.20596,6.09311,15.40344,6.17224,14.88506,5.96452,15.05785,6.03376,0.132,0.103,0.058,78.88,71.67,93.3,75.767,68.507,63.502,6.035,5.683,5.332,174.31
000950.SZ,2024-12-13,6.02,6.12,6.13,5.98,6.16,-0.14,-2.2727,398269.93,240627.31,2.4685,15.10722,6.05354,14.86037,5.95463,15.13191,6.06343,14.76163,5.91506,15.20596,6.09311,0.134,0.109,0.049,72.825,72.055,74.364,60.096,60.597,59.619,6.057,5.71,5.363,108.077
000950.SZ,2024-12-16,5.98,6.05,6.1,5.95,6.02,-0.04,-0.6645,233483.41,140380.55,2.4685,14.93443,5.9843,14.76163,5.91506,15.05785,6.03376,14.68758,5.88539,14.86037,5.95463,0.131,0.113,0.035,66.407,70.172,58.876,56.117,58.492,58.551,6.077,5.73,5.384,81.859
000950.SZ,2024-12-17,6.19,6.01,6.26,5.97,5.98,0.21,3.5117,667939.43,408600.11,2.4685,14.83569,5.94474,15.28002,6.12278,15.45281,6.19202,14.73695,5.90517,14.76163,5.91506,0.143,0.119,0.048,73.582,71.309,78.128,69.035,65.38,62.254,6.137,5.755,5.373,130.847
000950.SZ,2024-12-18,6.17,6.26,6.3,6.08,6.19,-0.02,-0.3231,426429.55,262624.7,2.4685,15.45281,6.19202,15.23065,6.103,15.55155,6.23159,15.00848,6.01398,15.28002,6.12278,0.15,0.125,0.049,74.916,72.511,79.727,66.788,64.272,61.706,6.185,5.775,5.365,125.678
000950.SZ,2024-12-19,6.06,6.18,6.22,5.88,6.17,-0.11,-1.7828,481030.31,289489.8,2.4685,15.25533,6.11289,14.95911,5.99419,15.35407,6.15246,14.51478,5.81615,15.23065,6.103,0.145,0.129,0.031,67.278,70.767,60.299,54.978,58.339,58.74,6.209,5.79,5.372,51.128
000950.SZ,2024-12-20,6.54,6.08,6.67,6.06,6.06,0.48,7.9208,1151777.48,746190.14,2.4685,15.00848,6.01398,16.14399,6.46898,16.4649,6.59757,14.95911,5.99419,14.95911,5.99419,0.177,0.139,0.076,73.204,71.579,76.454,76.623,71.057,66.15,6.327,5.84,5.354,192.814
000950.SZ,2024-12-23,6.14,6.2,6.32,6.06,6.54,-0.4,-6.1162,890321.96,548185.84,2.4685,15.3047,6.13267,15.15659,6.07333,15.60092,6.25137,14.95911,5.99419,16.14399,6.46898,0.169,0.145,0.048,61.83,68.329,48.83,51.746,55.621,57.215,6.34,5.869,5.397,70.113
000950.SZ,2024-12-24,6.07,6.1,6.14,5.97,6.14,-0.07,-1.1401,407251.54,246049.06,2.4685,15.05785,6.03376,14.9838,6.00409,15.15659,6.07333,14.73695,5.90517,15.15659,6.07333,0.155,0.147,0.016,49.237,61.965,23.78,48.443,53.406,55.837,6.339,5.893,5.446,11.364
000950.SZ,2024-12-25,5.86,6.07,6.09,5.73,6.07,-0.21,-3.4596,423776.5,249244.33,2.4685,14.9838,6.00409,14.46541,5.79637,15.03317,6.02387,14.14451,5.66778,14.9838,6.00409,0.125,0.142,-0.034,37.434,53.788,4.727,39.391,47.249,51.925,6.322,5.907,5.491,-87.508
000950.SZ,2024-12-26,5.74,5.85,5.9,5.73,5.86,-0.12,-2.0478,266436.25,154352.56,2.4685,14.44073,5.78647,14.16919,5.67767,14.56415,5.83593,14.14451,5.66778,14.46541,5.79637,0.092,0.132,-0.081,25.311,44.296,-12.659,34.917,44.081,49.842,6.31,5.913,5.516,-146.345
000950.SZ,2024-12-27,5.8,5.75,5.85,5.7,5.74,0.06,1.0453,233728.9,135423.74,2.4685,14.19388,5.68756,14.3173,5.73702,14.44073,5.78647,14.07045,5.6381,14.16919,5.67767,0.069,0.12,-0.102,20.31,36.301,-11.67,39.069,46.054,50.87,6.306,5.917,5.527,-136.803
000950.SZ,2024-12-30,5.6,5.78,5.78,5.56,5.8,-0.2,-3.4483,338428.0,190405.48,2.4685,14.26793,5.71723,13.8236,5.53919,14.26793,5.71723,13.72486,5.49962,14.3173,5.73702,0.034,0.103,-0.136,14.741,29.114,-14.004,31.126,40.817,47.485,6.324,5.903,5.482,-173.094
000950.SZ,2024-12-31,5.38,5.62,5.67,5.38,5.6,-0.22,-3.9286,283970.84,156382.63,2.4685,13.87297,5.55897,13.28053,5.32158,13.9964,5.60843,13.28053,5.32158,13.8236,5.53919,-0.01,0.08,-0.181,9.828,22.685,-15.888,24.54,35.916,44.115,6.369,5.878,5.387,-177.023
