股票代码,交易日期,收盘价,开盘价,最高价,最低价,昨收价,涨跌额,涨跌幅,成交量(手),成交额(千元),复权因子,开盘价后复权,开盘价前复权,收盘价后复权,收盘价前复权,最高价后复权,最高价前复权,最低价后复权,最低价前复权,昨收价后复权,昨收价前复权,MACD_DIF(基于前复权价格计算),MACD_DEA,MACD,KDJ_K,KDJ_D,KDJ_J,RSI_6,RSI_12,RSI_24,BOLL_UPPER,BOLL_MID,BOLL_LOWER,CCI,daily_return,stock_code,return_mean_5,return_std_5,open_mean_5,close_mean_5,momentum_5,return_mean_10,return_std_10,open_mean_10,close_mean_10,momentum_10,return_mean_20,return_std_20,open_mean_20,close_mean_20,momentum_20,return_mean_60,return_std_60,open_mean_60,close_mean_60,momentum_60
000001.SZ,2024-04-03,10.46,10.53,10.55,10.42,10.55,-0.09,-0.8531,981845.85,1028648.88,116.713,1228.98789,9.13207,1220.81798,9.07136,1231.32215,9.14941,1216.14946,9.03667,1231.32215,9.14941,0.087,0.105,-0.038,57.827,58.792,55.898,45.258,51.554,54.53,9.254,9.078,8.903,-28.005,-0.006647999851074338,000001.SZ,0.0004056768508775788,0.008345817400633981,9.130332,9.133799999999999,-0.006647999851074338,0.0011672307144230732,0.008035201797867817,9.097377,9.107782,0.000956669598099591,0.0003584186366971498,0.008548073189278747,9.075262,9.078296,0.012584527527677247,0.003934207091614515,0.017345000087623297,8.598711333333334,8.630944166666668,0.1357215382901127
000001.SZ,2024-04-08,10.43,10.42,10.49,10.37,10.46,-0.03,-0.2868,906360.52,945290.44,116.713,1216.14946,9.03667,1217.31659,9.04534,1224.31937,9.09738,1210.31381,8.99331,1220.81798,9.07136,0.075,0.099,-0.048,48.737,55.44,35.33,42.441,50.204,53.881,9.253,9.08,8.908,-67.699,0.0009594242126800268,000001.SZ,0.0009780451311933724,0.00824548335668675,9.114722,9.123391999999999,-0.005720328270337194,0.0010718392160711798,0.008031021255717901,9.094775,9.104313,-0.0038204719587932034,0.0001643882890554338,0.008484800500287337,9.079164500000001,9.080464,0.00481671809979578,0.003932066914830047,0.017345365168840374,8.616489833333334,8.648722666666666,0.133695885133162
000001.SZ,2024-04-09,10.4,10.43,10.47,10.36,10.43,-0.03,-0.2876,857156.73,891468.99,116.713,1217.31659,9.04534,1213.8152,9.01932,1221.98511,9.08003,1209.14668,8.98463,1217.31659,9.04534,0.064,0.092,-0.057,36.658,49.179,11.615,39.491,48.811,53.22,9.252,9.081,8.91,-80.685,-0.0028766193421141395,000001.SZ,-0.0009368368595970899,0.0076772564726396075,9.111252,9.102578000000001,-0.011406944129320418,0.001645510947691886,0.007445896874560603,9.09304,9.107782,0.0038610382397494813,-0.00012438539169872808,0.008485118767538888,9.0826335,9.081331,0.00192624289323029,0.00402920972547595,0.017289622473499338,8.634412833333334,8.667368333333334,0.141602262112402
000001.SZ,2024-04-10,10.28,10.38,10.41,10.27,10.4,-0.12,-1.1538,1246390.82,1288696.2,116.713,1211.48094,9.00198,1199.80964,8.91525,1214.98233,9.028,1198.64251,8.90658,1213.8152,9.01932,0.046,0.083,-0.075,25.251,41.203,-6.652,29.612,43.537,50.629,9.259,9.073,8.887,-152.21,-0.00963454706631195,000001.SZ,-0.005145135098723541,0.004198018317528117,9.086969999999999,9.040136,-0.03383487980440991,0.00019898813469657606,0.00813184781547165,9.095642000000002,9.097375000000001,-0.011538563882864783,-0.001039628482663163,0.00847376942041528,9.0826335,9.073091999999999,-0.018147517133753954,0.0035572813449400663,0.017269345533615983,8.652914,8.681966833333332,0.10895297375157686
000001.SZ,2024-04-11,10.25,10.24,10.29,10.12,10.28,-0.03,-0.2918,1010213.4,1030820.14,116.713,1195.14112,8.88057,1196.30825,8.88924,1200.97677,8.92393,1181.13556,8.7765,1199.80964,8.91525,0.029,0.072,-0.087,24.572,35.66,2.398,27.545,42.291,49.994,9.257,9.06,8.862,-189.333,0.0009762886841722107,000001.SZ,-0.0034446906725296377,0.004686136556374232,9.019326000000001,8.988102000000001,-0.02843571334107886,-0.0011387184215779888,0.0064765051261749754,9.077430000000001,9.067022,-0.03301833941238608,-0.001372496797362538,0.008242740491359587,9.072227000000002,9.059650000000001,-0.02935549809567084,0.003718010523637779,0.017198371303759438,8.667512666666665,8.697866333333334,0.12021897175521423
000001.SZ,2024-04-12,10.06,10.22,10.27,10.04,10.25,-0.19,-1.8537,1305453.71,1322011.75,116.713,1192.80686,8.86322,1174.13278,8.72446,1198.64251,8.90658,1171.79852,8.70712,1196.30825,8.88924,0.002,0.058,-0.112,17.423,29.581,-6.892,17.997,35.308,46.168,9.291,9.048,8.805,-193.722,-0.015655709775905358,000001.SZ,-0.005246232657495842,0.007253611747461157,8.965556000000001,8.918721999999999,-0.038241233949484976,-0.0024202779033091317,0.007950754042490646,9.047944000000001,9.026261,-0.04463500608295823,-0.001205607130360703,0.007893588042275813,9.0587845,9.047942,-0.026137954283137255,0.0034206811146434055,0.017378604752728097,8.682834000000001,8.710585833333333,0.09586009302512544
000001.SZ,2024-04-15,10.29,10.07,10.32,10.06,10.06,0.23,2.2863,1453202.6,1486326.2,116.713,1175.29991,8.73313,1200.97677,8.92393,1204.47816,8.94994,1174.13278,8.72446,1174.13278,8.72446,-0.003,0.046,-0.098,24.636,27.933,18.044,45.46,46.888,50.913,9.287,9.051,8.814,-111.629,0.021847836915287022,000001.SZ,-0.0010685501169744426,0.01430710317734845,8.904848,8.89444,-0.013422381027136554,-4.525249289053512e-05,0.011061425308628624,9.009784999999999,9.008916,-0.019065928871828897,0.00022660738741404063,0.00929924972312854,9.048811,9.050544,0.005865717451411179,0.003912162473567788,0.01747717317300818,8.695987166666667,8.727930666666667,0.13201297943485168
000001.SZ,2024-04-16,10.28,10.28,10.39,10.22,10.29,-0.01,-0.0972,1478036.43,1523138.5,116.713,1199.80964,8.91525,1199.80964,8.91525,1212.64807,9.01065,1192.80686,8.86322,1200.97677,8.92393,-0.008,0.035,-0.085,28.924,28.263,30.246,44.679,46.494,50.711,9.271,9.037,8.803,-61.43,0.0,000001.SZ,-0.0004932262485516148,0.014274019253269911,8.878829999999999,8.873626,-0.011538563882864783,-0.0007150315540743523,0.010807628716653033,8.995040999999999,8.988102,-0.022813888258640724,-1.0347782372860382e-05,0.009238394251230296,9.037103,9.036668,-0.030188941961998284,0.003746946893268697,0.017466336299667477,8.713332000000001,8.743974500000002,0.12104564281959918
000001.SZ,2024-04-17,10.62,10.26,10.63,10.21,10.28,0.34,3.3074,2232640.57,2337576.59,116.713,1197.47538,8.89791,1239.49206,9.21012,1240.65919,9.21879,1191.63973,8.85455,1199.80964,8.91525,0.012,0.031,-0.036,52.051,36.193,83.768,67.471,59.226,56.814,9.282,9.04,8.798,42.589,0.03508801505072534,000001.SZ,0.008451286174855844,0.019983930895925994,8.858016000000001,8.932599999999999,0.03307478758307392,0.001653075538066151,0.015384263554436959,8.972493,8.986368,-0.001879173683765667,0.00183872346878321,0.012099540006474825,9.0240945,9.040137000000001,0.007590195104554054,0.004222227778993857,0.017926419366936373,8.729665,8.764643833333334,0.1556042941244371
000001.SZ,2024-04-18,10.8,10.58,11.03,10.56,10.62,0.18,1.6949,3165914.26,3427338.98,116.713,1234.82354,9.17543,1260.5004,9.36622,1287.34439,9.56569,1232.48928,9.15808,1239.49206,9.21012,0.04,0.033,0.016,60.29,44.225,92.42,74.219,64.153,59.579,9.338,9.057,8.777,180.529,0.020793575886906668,000001.SZ,0.012414743615402735,0.02009565580945244,8.916988,9.027995999999998,0.05365813050384527,0.004485026471436548,0.016096877450062518,8.968157,9.008049,0.02369660994534084,0.0034957321784708506,0.012321842006078589,9.0262625,9.057482,0.03846187960954928,0.004477795585462335,0.01805321417958465,8.750189833333334,8.787625666666667,0.17263759638726928
000001.SZ,2024-04-19,10.69,10.71,10.82,10.66,10.8,-0.11,-1.0185,1457675.02,1562376.15,116.713,1249.99623,9.28817,1247.66197,9.27082,1262.83466,9.38357,1244.16058,9.24481,1260.5004,9.36622,0.054,0.037,0.035,62.079,50.176,85.884,64.419,59.37,57.242,9.363,9.068,8.773,121.569,-0.001867967532893866,000001.SZ,0.015172292064005033,0.015758859782421204,9.001978,9.137268,0.06262393317179504,0.004963029703254596,0.015797737389350815,8.983767,9.027995,0.021987882743050635,0.0030651302088388344,0.012352790481285507,9.040572000000001,9.067888499999999,0.022965587480097138,0.00417462044088097,0.018003601237107227,8.772160000000001,8.8071385,0.1445386139591731
000001.SZ,2024-04-22,10.5,10.64,10.81,10.45,10.69,-0.19,-1.7774,2009818.37,2125722.74,116.713,1241.82632,9.22746,1225.4865,9.10605,1261.66753,9.37489,1219.65085,9.06269,1247.66197,9.27082,0.051,0.04,0.023,56.874,52.409,65.805,50.577,52.058,53.462,9.365,9.069,8.774,57.711,-0.013157466951902341,000001.SZ,0.00817123129056716,0.019405570937485357,9.100844,9.173691999999999,0.02040804892015058,0.003551340586796359,0.016794547528211395,9.002846,9.034066000000001,0.006711743284387284,0.0023115899014337694,0.012875367745430615,9.0488105,9.0691895,0.0028656292985815845,0.004133955853444778,0.018040525870343035,8.791094833333334,8.825495166666665,0.13759502289294345
000001.SZ,2024-04-23,10.54,10.51,10.65,10.46,10.5,0.04,0.381,1240027.0,1308866.09,116.713,1226.65363,9.11472,1230.15502,9.14074,1242.99345,9.23613,1220.81798,9.07136,1225.4865,9.10605,0.051,0.042,0.018,54.751,53.19,57.874,53.122,53.377,54.128,9.372,9.077,8.782,44.885,0.0028547229097546367,000001.SZ,0.008742175872518087,0.019145306772288317,9.140738,9.21879,0.025292616583943106,0.004124474811983236,0.016647966906354412,9.009784,9.046208,0.013462212228859682,0.002884992879837561,0.012615971395182644,9.051412,9.076995,0.01737522858481655,0.004199646632201565,0.018028365536454188,8.809885,8.844863666666667,0.14565282510907251
000001.SZ,2024-04-24,10.53,10.52,10.57,10.46,10.54,-0.01,-0.0949,941567.74,989093.54,116.713,1227.82076,9.12339,1228.98789,9.13207,1233.65641,9.16676,1220.81798,9.07136,1230.15502,9.14074,0.05,0.044,0.013,52.999,53.126,52.745,52.314,52.979,53.926,9.377,9.083,8.788,35.171,0.0009514007402950941,000001.SZ,0.0019148530104320383,0.012244410290630635,9.185834,9.20318,-0.008474373840948846,0.005183069592643941,0.01599980800564056,9.021925,9.06789,0.02432012562743613,0.0026910288636702584,0.01261430388153698,9.0587835,9.082632499999999,0.012500942421380001,0.004197292364665263,0.01802878736345326,8.8295425,8.864521166666666,0.14830961368706186
000001.SZ,2024-04-25,10.61,10.5,10.62,10.48,10.53,0.08,0.7597,1113812.24,1176304.52,116.713,1225.4865,9.10605,1238.32493,9.20144,1239.49206,9.21012,1223.15224,9.0887,1228.98789,9.13207,0.054,0.046,0.016,54.233,53.495,55.709,58.39,55.849,55.313,9.378,9.083,8.788,51.986,0.010475453132807289,000001.SZ,-0.00014877154038783758,0.008591962800139989,9.171958,9.170224000000001,-0.01759300977341982,0.0061329860375074485,0.016004282799572837,9.044473,9.09911,0.035121112716047787,0.0024971338079647297,0.012454397041975231,9.0609515,9.083065999999999,0.000943132483462561,0.004481044027693585,0.017990713686531025,8.848911,8.886346666666668,0.1659332151532391
000001.SZ,2024-04-26,10.6,10.59,10.67,10.48,10.61,-0.01,-0.0943,1607627.51,1698581.44,116.713,1235.99067,9.1841,1237.1578,9.19277,1245.32771,9.25348,1223.15224,9.0887,1238.32493,9.20144,0.056,0.048,0.016,52.009,53.0,50.028,57.295,55.388,55.097,9.384,9.086,8.788,50.75,0.0009440228220509717,000001.SZ,0.00041362653060113,0.008543190354642495,9.151143999999999,9.154613999999999,-0.008418888512558897,0.007792959297303082,0.014258940949951716,9.076561,9.145941,0.05367782074764493,0.002686340696996975,0.012397661180759596,9.0622525,9.086101,0.006646904809095799,0.0042942137858442584,0.017967874056092365,8.871170166666667,8.907160500000002,0.15720536660649498
000001.SZ,2024-04-29,10.81,10.56,10.9,10.52,10.6,0.21,1.9811,2169177.37,2337350.88,116.713,1232.48928,9.15808,1261.66753,9.37489,1272.1717,9.45295,1227.82076,9.12339,1237.1578,9.19277,0.071,0.052,0.037,59.063,55.021,67.147,71.001,62.481,58.64,9.424,9.1,8.776,99.683,0.02367417624654955,000001.SZ,0.007779955170291508,0.009714795576596973,9.137268,9.208382,0.029523229061997336,0.007975593230429335,0.01446911073258065,9.119056,9.191037,0.05053378948512588,0.003965170368769399,0.013193025445759975,9.0644205,9.0999765,0.030504386977349585,0.004508221674783693,0.01812288348929145,8.890393999999999,8.928552499999999,0.15862826690659326
000001.SZ,2024-04-30,10.79,10.8,10.88,10.73,10.81,-0.02,-0.185,1324556.53,1431407.71,116.713,1260.5004,9.36622,1259.33327,9.35755,1269.83744,9.4356,1252.33049,9.30551,1261.66753,9.37489,0.081,0.058,0.045,58.916,56.319,64.108,68.489,61.466,58.184,9.454,9.112,8.769,107.79,-0.0009256669179242838,000001.SZ,0.007023877204755724,0.010322072055224986,9.187568,9.251743999999999,0.023719086200898465,0.007883026538636905,0.014528642773088801,9.164153,9.235267,0.049611620537842294,0.0035839974922812767,0.013220020122155268,9.079597000000001,9.1116845,0.025665898311921342,0.004189095837565178,0.018045727041851305,8.9116415,8.947198166666668,0.1357890277843523
000001.SZ,2024-05-06,10.89,10.96,11.11,10.84,10.79,0.1,0.9268,1784100.57,1953817.49,116.713,1279.17448,9.50498,1271.00457,9.44427,1296.68143,9.63507,1265.16892,9.40091,1259.33327,9.35755,0.094,0.065,0.058,61.499,58.046,68.406,74.007,64.603,59.815,9.492,9.123,8.753,146.443,-0.006387178089801382,000001.SZ,0.005556161438736429,0.011815150992540872,9.263886,9.314184000000001,0.03418721056671692,0.0037355072245842335,0.011504788003467017,9.22486,9.258682,0.025423121522846648,0.0026942913813251925,0.013264523356641605,9.0986765,9.122525,0.023496173378156016,0.003818664367577231,0.018030651159423396,8.933178000000002,8.965554833333334,0.13201691983693853
000001.SZ,2024-05-07,10.88,10.87,10.89,10.76,10.89,-0.01,-0.0918,1087056.65,1176786.41,116.713,1268.67031,9.42693,1269.83744,9.4356,1271.00457,9.44427,1255.83188,9.33153,1271.00457,9.44427,0.103,0.073,0.061,62.717,59.603,68.945,72.484,64.035,59.572,9.53,9.137,8.743,91.907,0.0009197055669236676,000001.SZ,0.0036450119255597045,0.011591225149628195,9.328062000000001,9.361016000000001,0.02544819071797466,0.0017481201925859335,0.009824545697043673,9.25001,9.26562,0.007407470676537686,0.003116573332011241,0.013054811043113816,9.1090835,9.136834499999999,0.03127961256518197,0.003816797741107893,0.018030950365077982,8.950233833333334,8.982610666666666,0.12164997473921968
000001.SZ,2024-05-08,10.73,10.84,10.88,10.71,10.88,-0.15,-1.3787,1221791.27,1318612.0,116.713,1265.16892,9.40091,1252.33049,9.30551,1269.83744,9.4356,1249.99623,9.28817,1269.83744,9.4356,0.099,0.078,0.041,55.657,58.288,50.397,52.89,55.971,56.018,9.548,9.149,8.75,52.678,-0.010147953761923012,000001.SZ,0.001426616608764908,0.013188727888697321,9.371424,9.383564,0.012263985719211945,0.000920121569683019,0.0104895712828249,9.261284,9.269089,0.0037418480781634678,0.0029415756364688074,0.013215067241531342,9.1225255,9.148541999999999,0.025812006137999166,0.003838425339352434,0.018013102685335503,8.968012333333332,9.000389000000002,0.129472581598556
000001.SZ,2024-05-09,10.76,10.71,10.82,10.71,10.73,0.03,0.2796,1069460.63,1150726.86,116.713,1249.99623,9.28817,1255.83188,9.33153,1262.83466,9.38357,1249.99623,9.28817,1252.33049,9.30551,0.096,0.082,0.029,52.489,56.355,44.759,55.76,57.148,56.559,9.567,9.163,8.759,38.997,0.004668303874713953,000001.SZ,-0.0023745578656022117,0.005896612647506643,9.397442,9.374892,-0.004625120934752314,0.0027026986523446483,0.0092758618211736,9.267355,9.291637,0.02476155962244886,0.0031270196195705034,0.013211810741848917,9.1351005,9.1628515,0.03163949613834327,0.003916230403931,0.018006322902843847,8.986079833333333,9.019179166666667,0.13741997922994797
000001.SZ,2024-05-10,10.94,10.77,10.96,10.76,10.76,0.18,1.6729,1767835.61,1923452.18,116.713,1256.99901,9.3402,1276.84022,9.48763,1279.17448,9.50498,1255.83188,9.33153,1255.83188,9.33153,0.105,0.086,0.038,59.332,57.347,63.301,69.249,63.531,59.665,9.608,9.186,8.765,97.877,0.015784458576904026,000001.SZ,0.0009674672333634504,0.01013515043338415,9.392238,9.400908000000001,0.013901074533398061,0.003995672219059587,0.010158554346167161,9.289902999999999,9.326326,0.037949881519439455,0.004060073515521412,0.01342276582842832,9.1498435,9.186267,0.051922983107373755,0.004179304713546067,0.018063352588876196,9.005737333333334,9.041293833333333,0.16259289893698492
000001.SZ,2024-05-13,10.97,10.9,11.01,10.81,10.94,0.03,0.2742,1402498.6,1530058.92,116.713,1272.1717,9.45295,1280.34161,9.51365,1285.01013,9.54834,1261.66753,9.37489,1276.84022,9.48763,0.114,0.092,0.043,65.48,60.058,76.325,71.017,64.493,60.16,9.642,9.216,8.791,110.236,0.006421275898000234,000001.SZ,0.0035291580309237736,0.009403815975957559,9.381832,9.414784000000001,0.007346253336679265,0.004542659734830101,0.010123625001742041,9.322859,9.364484000000001,0.041784611813093786,0.004862864663737021,0.01303514556571704,9.172391999999999,9.216187,0.06712094444911809,0.004551725971739521,0.017871177170149848,9.027129333333333,9.065865666666667,0.18338694469944072
000001.SZ,2024-05-14,10.91,11.0,11.06,10.88,10.97,-0.06,-0.5469,1075783.91,1176577.33,116.713,1283.843,9.53967,1273.33883,9.46162,1290.84578,9.5917,1269.83744,9.4356,1280.34161,9.51365,0.115,0.096,0.036,65.687,61.935,73.193,62.408,60.984,58.657,9.655,9.245,8.835,102.955,-0.008181624731253723,000001.SZ,0.0017088919712882956,0.010810797469895913,9.40438,9.419988,0.0027576412734748867,0.0026769519484240003,0.010615977323571432,9.366221,9.390502,0.028276008972508704,0.004404968992965724,0.013336229326427225,9.205347,9.244806,0.0643902065868398,0.004070779974011587,0.01781812768957836,9.053291166666666,9.087980333333332,0.1631127731187474
000001.SZ,2024-05-15,10.83,10.9,10.92,10.81,10.91,-0.08,-0.7333,868296.6,942907.95,116.713,1272.1717,9.45295,1264.00179,9.39224,1274.50596,9.47029,1261.66753,9.37489,1273.33883,9.46162,0.108,0.099,0.019,53.792,59.22,42.934,52.27,56.512,56.686,9.616,9.278,8.94,47.724,-0.006422333768823507,000001.SZ,0.0024540159699081967,0.009877365035389251,9.414788,9.437334,0.009320284433631087,0.0019403162893365522,0.010998274647900845,9.393106,9.410449,0.021698573988036207,0.004866637793319817,0.012752259100371817,9.2348335,9.278195,0.07654112690069059,0.003282742337572712,0.017198274881714614,9.076417666666666,9.1046025,0.11880175010810112
000001.SZ,2024-05-16,11.17,10.85,11.21,10.83,10.83,0.34,3.1394,3076291.65,3410151.92,116.713,1266.33605,9.40958,1303.68421,9.6871,1308.35273,9.72179,1264.00179,9.39224,1264.00179,9.39224,0.126,0.104,0.043,66.528,61.656,76.271,73.896,67.546,62.303,9.658,9.316,8.975,144.659,0.029493346142973387,000001.SZ,0.0074190244235600835,0.015757657826655357,9.43907,9.508448,0.03810414798002015,0.002522233278978936,0.012347203546297156,9.418256,9.44167,0.03330279075274478,0.005248913254704135,0.013386900669269283,9.268656,9.3163535,0.08551949645503698,0.0037916182854096647,0.01751698355797224,9.094196166666666,9.127150833333333,0.16233111756377339
000001.SZ,2024-05-17,11.42,11.18,11.42,11.13,11.17,0.25,2.2381,2841748.85,3200736.55,116.713,1304.85134,9.69577,1332.86246,9.90391,1332.86246,9.90391,1299.01569,9.65241,1303.68421,9.6871,0.156,0.114,0.082,77.685,66.999,99.057,81.352,73.034,65.715,9.745,9.366,8.987,228.177,0.0214670933819594,000001.SZ,0.008555551384571158,0.016689251076278822,9.510183999999999,9.591703999999998,0.043876078641346794,0.004761509308967305,0.013617623613424744,9.451211,9.496306,0.05838707781417152,0.0063222679238021055,0.013798187433252097,9.307682,9.3657865,0.11089537590084397,0.003992810515826208,0.017651248397077633,9.117322666666666,9.152445333333333,0.18097144846796653
000001.SZ,2024-05-20,11.38,11.43,11.53,11.31,11.42,-0.04,-0.3503,2170210.3,2475290.15,116.713,1334.02959,9.91258,1328.19394,9.86922,1345.70089,9.99931,1320.02403,9.80851,1332.86246,9.90391,0.174,0.126,0.095,79.026,71.008,95.062,77.123,70.94,64.737,9.829,9.399,8.968,204.893,-0.004374239602605967,000001.SZ,0.006396448284449918,0.0177019782657408,9.60211,9.662817999999998,0.037374719482007546,0.004962803157686846,0.013448339596878179,9.491971,9.538801,0.04499553697638903,0.00434915519113554,0.012196835527464015,9.358415500000001,9.3987415,0.07156258550377204,0.003834528225313279,0.017683495759299755,9.141460833333332,9.175138166666667,0.16004066928000094
000001.SZ,2024-05-21,11.55,11.32,11.62,11.31,11.38,0.17,1.4938,2030049.41,2336192.88,116.713,1321.19116,9.81719,1348.03515,10.01665,1356.20506,10.07736,1320.02403,9.80851,1328.19394,9.86922,0.199,0.141,0.115,83.453,75.156,100.047,81.917,74.35,66.92,9.938,9.431,8.924,175.205,0.020317422806322316,000001.SZ,0.012096257791965126,0.01637279996488588,9.657613999999999,9.773824000000001,0.05866120178151313,0.006902574881626711,0.014179449543588369,9.530997,9.596906,0.0615806096061724,0.004325347537106322,0.012163466445226933,9.3905035,9.431263,0.06944423684261092,0.004122093732396736,0.01781057817280451,9.163575500000002,9.200143666666667,0.1761711631314935
000001.SZ,2024-05-22,11.56,11.56,11.74,11.46,11.55,0.01,0.0866,2115531.38,2458448.97,116.713,1349.20228,10.02533,1349.20228,10.02533,1370.21062,10.18143,1337.53098,9.9386,1348.03515,10.01665,0.216,0.156,0.12,82.846,77.72,93.1,82.18,74.541,67.046,10.032,9.469,8.906,152.693,0.0,000001.SZ,0.013380724545729828,0.014725880786284054,9.77209,9.900442,0.06740564551161388,0.007917370257819013,0.013149305096337294,9.593439,9.668887999999999,0.07735416973384579,0.004418745913751016,0.012120503328840702,9.4273615,9.4689885,0.08138546536336588,0.0023838468781167575,0.012014760123758102,9.189303833333334,9.211128833333333,0.07037097142710724
000001.SZ,2024-05-23,11.4,11.53,11.59,11.37,11.56,-0.16,-1.3841,1841622.9,2110799.28,116.713,1345.70089,9.99931,1330.5282,9.88657,1352.70367,10.05134,1327.02681,9.86055,1349.20228,10.02533,0.216,0.168,0.097,76.378,77.272,74.589,64.209,65.941,63.059,10.073,9.508,8.943,93.506,-0.011274777959679128,000001.SZ,0.005227099725199325,0.014859975607448114,9.890036,9.940335999999999,0.02059130183439839,0.006323062074379704,0.01448563255877981,9.664553,9.724391999999998,0.05948006382661797,0.004512880363362176,0.011983347271854572,9.465954,9.5080145,0.0857144425958567,0.0018046805769409572,0.011816750552844783,9.202023500000001,9.218355833333334,0.04587139464400014
000001.SZ,2024-05-24,11.31,11.37,11.49,11.3,11.4,-0.09,-0.7895,1398275.84,1593330.34,116.713,1327.02681,9.86055,1320.02403,9.80851,1341.03237,9.96462,1318.8569,9.79984,1330.5282,9.88657,0.208,0.176,0.064,68.84,74.462,57.596,55.951,61.58,60.932,10.094,9.541,8.988,60.189,-0.005277596077297941,000001.SZ,-0.00012183816665214397,0.012112298061193691,9.922992,9.921256000000001,-0.00963255926194806,0.0042168566089595075,0.014488302510800764,9.716588,9.75648,0.03382088045170395,0.004106264414009547,0.012178948267417562,9.5032455,9.541402999999999,0.07305426037716867,0.001762681330210575,0.011837700510927323,9.209106,9.225004666666669,0.04239615370717931
000001.SZ,2024-05-27,11.51,11.31,11.53,11.31,11.31,0.2,1.7683,1454361.43,1663272.12,116.713,1320.02403,9.80851,1343.36663,9.98196,1345.70089,9.99931,1320.02403,9.80851,1320.02403,9.80851,0.213,0.183,0.059,70.983,73.302,66.344,67.201,66.888,63.766,10.135,9.584,9.033,69.089,0.017683623710431196,000001.SZ,0.004289734495955289,0.014039878428864916,9.902178,9.943804,0.011423395161927807,0.005343091390202603,0.015103378910910596,9.752144,9.803310999999999,0.04922506083364442,0.004942875562516352,0.01252072385980543,9.537501500000001,9.5838975,0.09306652270514792,0.0024439252796354875,0.011549951928507792,9.2167665,9.239169500000001,0.09306652270514792
000001.SZ,2024-05-28,11.4,11.5,11.58,11.36,11.51,-0.11,-0.9557,1204322.85,1377107.2,116.713,1342.1995,9.97329,1330.5282,9.88657,1351.53654,10.04267,1325.85968,9.85188,1343.36663,9.98196,0.206,0.188,0.037,68.201,71.602,61.4,57.507,61.768,61.218,10.155,9.618,9.081,59.826,-0.008695224945830304,000001.SZ,-0.0015127950544752355,0.011530919070066243,9.933398,9.917788,-0.012986377681160843,0.005291731368744945,0.015155264914306757,9.795506,9.845806,0.04491302757878679,0.003984341658584472,0.012805456525085537,9.5808635,9.618154,0.07445899772209574,0.0022831211698850274,0.011637889886696347,9.231365,9.252178166666669,0.0857144425958567
000001.SZ,2024-05-29,11.26,11.38,11.45,11.23,11.4,-0.14,-1.2281,1444811.11,1635445.61,116.713,1328.19394,9.86922,1314.18838,9.76515,1336.36385,9.92993,1310.68699,9.73914,1330.5282,9.88657,0.189,0.188,0.002,52.571,65.258,27.197,47.125,55.834,58.133,10.15,9.647,9.144,18.18,-0.010544906284387201,000001.SZ,-0.0036217763113526756,0.012133629435220783,9.902176,9.865752,-0.025952262918028657,0.004879474117188576,0.015559986794125196,9.837133,9.883097000000001,0.03970405355910844,0.003409895203262564,0.013200618709704855,9.6151195,9.646773,0.06226414889092191,0.002139079684960223,0.011743576000815766,9.243940000000002,9.263307666666666,0.07340245213457064
000001.SZ,2024-05-30,11.12,11.24,11.34,11.06,11.26,-0.14,-1.2433,1325496.35,1481608.71,116.713,1311.85412,9.74781,1297.84856,9.64374,1323.52542,9.83453,1290.84578,9.5917,1314.18838,9.76515,0.164,0.183,-0.038,37.989,56.168,1.629,38.734,50.538,55.228,10.148,9.66,9.173,-33.419,-0.010676244202543983,000001.SZ,-0.0035020695599256467,0.012041857078041373,9.851876,9.817186,-0.02456160225437143,0.0008625150826368389,0.013555633428327201,9.870956000000001,9.878761,-0.0044760557855292316,0.0016923741808078873,0.012648384585784291,9.644606,9.6602155,0.02867766981799247,0.0016892316478370306,0.01170826691616748,9.255792333333334,9.270968333333334,0.05004736446685021
000001.SZ,2024-05-31,11.11,11.14,11.19,11.11,11.12,-0.01,-0.0899,826706.76,921248.15,116.713,1300.18282,9.66108,1296.68143,9.63507,1306.01847,9.70445,1296.68143,9.63507,1297.84856,9.64374,0.142,0.175,-0.066,27.777,46.704,-10.079,38.152,50.167,55.023,10.142,9.674,9.206,-56.106,-0.0026922455874497375,000001.SZ,-0.002984999461956006,0.012001997756345955,9.811982,9.782498,-0.017682604187588047,-0.0015534188143040751,0.011467427733335433,9.867487,9.851877,-0.02714483471679363,0.0016040452473316147,0.012673772610096,9.659348999999999,9.6740915,0.029657335520515637,0.0018017343196653434,0.011631672070288753,9.263742,9.279929833333334,0.05910382989388174
000001.SZ,2024-06-03,10.98,11.12,11.13,10.91,11.11,-0.13,-1.1701,1326696.75,1456086.02,116.713,1297.84856,9.64374,1281.50874,9.52232,1299.01569,9.65241,1273.33883,9.46162,1296.68143,9.63507,0.114,0.163,-0.098,21.329,38.246,-12.505,30.904,45.439,52.387,10.139,9.678,9.217,-109.181,-0.012590550968814895,000001.SZ,-0.009039834397805225,0.003806616147584702,9.779028,9.69057,-0.0460470689123178,-0.002375049950924968,0.011975101801484271,9.840603,9.817187,-0.035149687614624,0.001293876603380939,0.012952481068643239,9.666287,9.677994,0.008264270292992482,0.0017832808943954207,0.01165396274600289,9.273426166666665,9.289324833333334,0.06292263763838646
000001.SZ,2024-06-04,11.02,10.95,11.05,10.91,10.98,0.04,0.3643,981004.95,1079356.56,116.713,1278.00735,9.49631,1286.17726,9.55701,1289.67865,9.58303,1273.33883,9.46162,1281.50874,9.52232,0.093,0.149,-0.111,19.612,32.034,-5.234,35.433,47.112,53.108,10.135,9.684,9.233,-127.559,0.00639195645466506,000001.SZ,-0.006022398117706151,0.007912934201323722,9.683632,9.624658,-0.0333341087960739,-0.0037675965860906936,0.009621433183663665,9.808515,9.771223,-0.045887597150744086,0.0015674891477680086,0.01300186563243561,9.669756,9.684064500000002,0.012867226249523078,0.001679460413286791,0.011583308424922506,9.282821333333334,9.297852666666667,0.05656724899229881
000001.SZ,2024-06-05,10.87,11.04,11.07,10.87,11.02,-0.15,-1.3612,1018967.75,1114156.0,116.713,1288.51152,9.57436,1268.67031,9.42693,1292.01291,9.60038,1268.67031,9.42693,1286.17726,9.55701,0.066,0.132,-0.133,13.074,25.714,-12.206,27.362,41.86,50.136,10.124,9.69,9.256,-136.684,-0.015398418275477388,000001.SZ,-0.006993100515924189,0.008848777724206029,9.62466,9.557014,-0.034635412666472076,-0.005307438413638432,0.010168130436512948,9.763417999999998,9.711383,-0.05968880824870604,0.00130496592209029,0.013300442675256288,9.678428499999999,9.6901355,0.013048183280658598,0.0015349867317520822,0.011742932682631846,9.292072,9.305657833333333,0.05227479232292476
000001.SZ,2024-06-06,10.9,10.9,10.98,10.88,10.87,0.03,0.276,1049331.53,1145989.43,116.713,1272.1717,9.45295,1272.1717,9.45295,1281.50874,9.52232,1269.83744,9.4356,1268.67031,9.42693,0.046,0.115,-0.139,10.125,20.518,-10.662,31.127,43.241,50.711,10.113,9.696,9.28,-113.401,0.0,000001.SZ,-0.004857851675415392,0.00902420270999993,9.565687999999998,9.518856,-0.019783818311153167,-0.00417996061767052,0.010057421740620132,9.708782,9.668021,-0.0438594982890933,0.0010715507283545922,0.013279257613639635,9.6866675,9.696206499999999,0.01301179977988598,0.0014543195456601765,0.011736466454344563,9.300310833333333,9.313174,0.0500967564913497
000001.SZ,2024-06-07,10.99,10.92,11.01,10.89,10.9,0.09,0.8257,1170126.04,1281662.99,116.713,1274.50596,9.47029,1282.67587,9.531,1285.01013,9.54834,1271.00457,9.44427,1272.1717,9.45295,0.035,0.099,-0.127,12.384,17.806,1.538,41.958,47.333,52.431,10.111,9.698,9.286,-83.967,0.0064105745441798145,000001.SZ,-0.003037287649089482,0.010385810645697656,9.527529999999999,9.498042000000002,-0.010801166986851185,-0.003011143555522744,0.010581214416664014,9.669756,9.640270000000001,-0.028292778413846698,0.0006028565267183816,0.012892423326720175,9.693172,9.698375,0.004571215361476089,0.0015128482168470217,0.011752537621336065,9.308549666666666,9.321991,0.05876707124432645
000001.SZ,2024-06-11,10.87,10.98,11.02,10.79,10.99,-0.12,-1.0919,1337628.54,1452841.96,116.713,1281.50874,9.52232,1268.67031,9.42693,1286.17726,9.55701,1259.33327,9.35755,1282.67587,9.531,0.019,0.083,-0.128,12.296,15.97,4.949,33.523,42.84,50.004,10.116,9.694,9.272,-92.765,-0.010017516739618038,000001.SZ,-0.0025226808032501103,0.009843715103360028,9.503246,9.478964000000001,-0.010017516739618038,-0.005781257600527667,0.007829711514213312,9.641137,9.584767000000001,-0.05560330836829641,-0.00021908310516253194,0.013025286408890424,9.6966405,9.694039,-0.009115323771633377,0.0012013843586371087,0.01180714068389603,9.317222,9.327772666666668,0.038204719587930924
000001.SZ,2024-06-12,10.88,10.85,10.91,10.78,10.87,0.01,0.092,957426.35,1037927.5,116.713,1266.33605,9.40958,1269.83744,9.4356,1273.33883,9.46162,1258.16614,9.34888,1268.67031,9.42693,0.006,0.068,-0.123,14.15,15.363,11.723,34.833,43.329,50.204,10.118,9.693,9.268,-94.264,0.0027652668875763897,000001.SZ,-0.003248018716667844,0.009130388354856208,9.4859,9.454682000000002,-0.012703764043356602,-0.004635208417186998,0.00818641849102765,9.584766,9.539670000000001,-0.045614404186689606,0.00032826147577897367,0.012902501162188206,9.690136,9.692738,-0.002750057601129563,0.0011202445571273866,0.011778882497012819,9.32257,9.332398000000001,0.030303295013802023
000001.SZ,2024-06-13,10.8,10.89,10.93,10.8,10.88,-0.08,-0.7353,1203507.79,1304403.41,116.713,1271.00457,9.44427,1260.5004,9.36622,1275.67309,9.47896,1260.5004,9.36622,1269.83744,9.4356,-0.009,0.052,-0.123,11.059,13.928,5.321,29.292,40.319,48.579,10.12,9.691,9.263,-87.584,-0.00826427029299237,000001.SZ,-0.0018211891201708407,0.007085325027707541,9.459882,9.44254,-0.006440060549935178,-0.004407144818047515,0.008033834428053945,9.542271,9.499777,-0.04085241906166315,0.00023616464957053053,0.012959669460733767,9.689702,9.691436999999999,-0.002770372136998156,0.001299065104176548,0.011547521537631,9.327773333333333,9.339191333333334,0.04549807894519464
000001.SZ,2024-06-14,10.18,10.15,10.23,9.99,10.08,0.1,0.9921,1637990.47,1657433.96,125.0496,1269.25344,9.43126,1273.00493,9.45914,1279.25741,9.5056,1249.2455,9.28259,1260.49997,9.36622,-0.014,0.039,-0.106,23.286,17.047,35.762,43.688,45.819,50.805,10.121,9.68,9.239,-75.154,0.002956126752946986,000001.SZ,-0.0012299637695814436,0.007391982194534369,9.455544,9.443778,0.0006548220396807025,-0.003043907722498418,0.008008429364010942,9.510616,9.481317,-0.019141951151731562,-0.0010906963199307895,0.011019867088596235,9.690786,9.680039,-0.02353232649606174,0.0014616081073957955,0.011500179206557033,9.336084333333334,9.348978833333332,0.06619220932631031
000001.SZ,2024-06-17,10.1,10.13,10.16,10.08,10.18,-0.08,-0.7859,681217.02,688669.91,125.0496,1266.75245,9.41268,1263.00096,9.3848,1270.50394,9.44055,1260.49997,9.36622,1273.00493,9.45914,-0.023,0.027,-0.1,26.245,20.113,38.508,36.545,42.408,49.033,10.1,9.654,9.208,-80.95,-0.002961961949200398,000001.SZ,-0.003104471068257486,0.0060336288202758525,9.444022,9.414538,-0.01533941873885225,-0.003070879358673484,0.00800756754622449,9.485776,9.45629,-0.025974902102423814,-0.0023121490864887796,0.009657614296115466,9.676631500000001,9.6540835,-0.052414652394862205,0.0013332570183134883,0.011505953316633982,9.340472166666666,9.352179333333334,0.020889242306725953
000001.SZ,2024-06-18,10.08,10.11,10.16,10.04,10.1,-0.02,-0.198,700653.08,707829.47,125.0496,1264.25146,9.39409,1260.49997,9.36622,1270.50394,9.44055,1255.49798,9.32905,1263.00096,9.3848,-0.032,0.015,-0.093,26.268,22.165,34.475,34.836,41.564,48.591,10.08,9.629,9.178,-90.888,-0.002966758887768761,000001.SZ,-0.0016943194978876308,0.004687878888599532,9.418375999999999,9.402396,-0.006440060549935178,-0.0021085001505688704,0.0072817519120037906,9.460811,9.44068,-0.016393063875190128,-0.0022417750507469194,0.00964691936252813,9.650707,9.628933499999999,-0.050966540415554595,0.0013153678697239435,0.011511887958205597,9.344405666666665,9.355937333333333,0.024667587088135212
000001.SZ,2024-06-19,10.15,10.1,10.21,10.08,10.08,0.07,0.6944,796184.18,807676.19,125.0496,1263.00096,9.3848,1269.25344,9.43126,1276.75642,9.48701,1260.49997,9.36622,1260.49997,9.36622,-0.033,0.005,-0.077,35.571,26.634,53.445,45.533,45.69,50.23,10.022,9.6,9.178,-50.537,0.004950558349671841,000001.SZ,-0.0012572612054685406,0.005272955172894461,9.413419999999999,9.401528,-0.0004599601509178708,-0.0022526399610681923,0.007106960435879318,9.44966,9.428105,-0.013157880969047908,-0.003010118273579443,0.008269166686782929,9.6290875,9.599664,-0.05844169457852677,0.0016036538139992432,0.011379783635792963,9.348617833333332,9.362802999999998,0.04567306626220158
000001.SZ,2024-06-20,10.05,10.16,10.17,10.05,10.15,-0.1,-0.9852,629627.57,635070.26,125.0496,1270.50394,9.44055,1256.74848,9.33834,1271.75443,9.44984,1256.74848,9.33834,1269.25344,9.43126,-0.041,-0.004,-0.074,30.486,27.918,35.622,35.534,41.161,47.951,9.954,9.565,9.177,-93.184,-0.010826699715588584,000001.SZ,-0.0017697470899877832,0.006172094319568266,9.412676000000001,9.395952,-0.002976654402736645,-0.001795468105079312,0.006264475963343689,9.436278999999999,9.419246000000001,-0.009397545118081885,-0.003551453259358872,0.008414838079763936,9.5998485,9.5653145,-0.06852542509822612,0.0013108076210769926,0.011470975397677457,9.355927333333334,9.367397166666667,0.030415914038767866
000001.SZ,2024-06-21,10.0,10.05,10.09,9.95,10.05,-0.05,-0.4975,830545.28,831176.9,125.0496,1256.74848,9.33834,1250.496,9.29188,1261.75046,9.37551,1244.24352,9.24542,1256.74848,9.33834,-0.05,-0.013,-0.074,25.294,27.043,21.796,31.397,39.049,46.842,9.912,9.536,9.159,-165.771,-0.004975188309699563,000001.SZ,-0.003356010102517093,0.005651079792121303,9.394092,9.3625,-0.017682368587419006,-0.0022929869360492684,0.006303478729588867,9.424818,9.403139,-0.01703912535240304,-0.003236473776859894,0.008226316992124292,9.5668,9.53558,-0.06015129615225501,0.0011959988293120173,0.011499280121091068,9.3605215,9.370928,0.023331420711165007
000001.SZ,2024-06-24,9.98,9.97,10.07,9.88,10.0,-0.02,-0.2,947081.54,944907.47,125.0496,1246.74451,9.26401,1247.99501,9.2733,1259.24947,9.35693,1235.49005,9.18038,1250.496,9.29188,-0.059,-0.022,-0.073,26.386,26.824,25.511,29.735,38.194,46.394,9.88,9.509,9.138,-183.53,0.001002805480563973,000001.SZ,-0.0025630566165642187,0.0059882997264131856,9.364358,9.3402,-0.011880913818088756,-0.0028337638424108524,0.005674411035890776,9.40419,9.377369,-0.02703808624488513,-0.0029224536989667983,0.008264084214026836,9.536973,9.508819500000001,-0.054565882075870764,0.0013562678649601035,0.01142703176758744,9.363876833333334,9.375739166666667,0.03212931417320486
000001.SZ,2024-06-25,10.08,9.99,10.13,9.98,9.98,0.1,1.002,769992.81,775332.07,125.0493,1249.24251,9.28257,1260.49694,9.3662,1266.74941,9.41265,1247.99201,9.27328,1247.99201,9.27328,-0.057,-0.029,-0.056,36.636,30.095,49.719,46.667,44.787,48.94,9.783,9.478,9.173,-71.515,0.009009358399667322,000001.SZ,-0.00016783315907700213,0.0078821201332681,9.342054000000001,9.340196,-2.1353331440820966e-06,-0.0009310763284823165,0.006166590147581383,9.380215,9.371296000000001,-0.006442182131404572,-0.0033561669645049918,0.00729672687924256,9.510676,9.4780315,-0.06168728386008371,0.0014259124872272064,0.011461248986337347,9.368987,9.381520499999999,0.03845966214747887
000001.SZ,2024-06-26,10.08,10.06,10.13,10.02,10.08,0.0,0.0,628598.71,633763.88,125.049,1257.99294,9.34759,1260.49392,9.36617,1266.74637,9.41263,1252.99098,9.31042,1260.49392,9.36617,-0.055,-0.034,-0.042,43.467,34.552,61.297,46.664,44.785,48.94,9.696,9.452,9.208,-45.388,0.0019876781074052996,000001.SZ,-0.0007604092075303104,0.007503396505886161,9.334612000000002,9.327178,-0.006901516870492341,-0.0010088352064994254,0.006119524457643164,9.374016000000001,9.364353000000001,-0.0073583025986688755,-0.0028220218118432117,0.0072763031352225515,9.479391000000001,9.4520115,-0.05263706219649489,0.001219817884901997,0.011335336830309491,9.373735333333332,9.3844105,0.018862649669250997
000001.SZ,2024-06-27,10.13,10.06,10.21,10.0,10.08,0.05,0.496,928881.97,938954.4,125.049,1257.99294,9.34759,1266.74637,9.41263,1276.75029,9.48697,1250.49,9.29184,1260.49392,9.36617,-0.049,-0.037,-0.024,54.226,41.11,80.457,54.55,48.081,50.227,9.632,9.434,9.237,11.869,0.006957943170378567,000001.SZ,0.0027965193696631195,0.005481511899532135,9.31602,9.342035999999998,0.007955375366499817,0.0005133861398376683,0.006006421169870075,9.364348,9.368993999999999,0.004955040560653101,-0.0019468793391049233,0.007350740895428429,9.4533095,9.434385500000001,-0.036099803894461435,0.0013831188537182053,0.011346428391266991,9.376893833333334,9.3890865,0.030722497746951127
000001.SZ,2024-06-28,10.15,10.1,10.26,10.09,10.13,0.02,0.1974,918089.92,933947.81,125.049,1262.9949,9.38476,1269.24735,9.43122,1283.00274,9.53343,1261.74441,9.37546,1266.74637,9.41263,-0.043,-0.038,-0.009,59.834,47.351,84.798,57.563,49.399,50.745,9.596,9.424,9.252,106.506,0.004950579450087034,000001.SZ,0.004781672921620439,0.0033438096638122483,9.325304,9.369904,0.01499588888362724,0.000712831409551673,0.006128419916370013,9.359698,9.366202000000001,-0.0029516425383280254,-0.0011655381564733725,0.007203061076188702,9.435157,9.4237595,-0.022037093492773496,0.0014973354643679714,0.011347286765238787,9.381394499999999,9.394650500000001,0.03669627958818911
000001.SZ,2024-07-01,10.35,10.09,10.35,10.04,10.15,0.2,1.9704,1343051.49,1372549.62,125.049,1261.74441,9.37546,1294.25715,9.61705,1294.25715,9.61705,1255.49196,9.32901,1269.24735,9.43122,-0.022,-0.035,0.026,73.222,55.975,107.717,76.362,60.373,55.573,9.591,9.423,9.255,202.413,0.025768335633664874,000001.SZ,0.00973477895224062,0.009330301819480791,9.347594,9.438654,0.03706878888852949,0.0035858611678382,0.00983050220157915,9.355976,9.389427000000001,0.024747463984315043,0.0002574909045823581,0.009370727590887837,9.420876000000002,9.4228585,-0.0018702510723844767,0.0018151778813984166,0.011755178726319078,9.386607333333334,9.402878166666666,0.05410927297857482
000001.SZ,2024-07-02,10.4,10.3,10.48,10.28,10.35,0.05,0.4831,1384385.7,1440864.39,125.049,1288.0047,9.57059,1300.5096,9.66351,1310.51352,9.73785,1285.50372,9.55201,1294.25715,9.61705,-0.002,-0.029,0.053,77.703,63.218,106.675,79.135,62.586,56.68,9.624,9.43,9.236,267.072,0.009708910317963726,000001.SZ,0.0098746893358999,0.009321945716980059,9.405198,9.498116,0.03174286263372572,0.004853428088411449,0.009708167261169947,9.373626,9.419156000000001,0.03174065951899485,0.001372463968921289,0.009083802896923475,9.4172185,9.429918,0.01482726898486919,0.001786877317875807,0.011733719599748742,9.394060666666666,9.410145666666667,0.04725569116528283
000001.SZ,2024-07-03,10.31,10.4,10.43,10.29,10.4,-0.09,-0.8654,713067.46,737326.42,125.049,1300.5096,9.66351,1289.25519,9.57989,1304.26107,9.69139,1286.75421,9.5613,1300.5096,9.66351,0.007,-0.022,0.057,75.69,67.375,92.321,63.137,56.401,54.145,9.628,9.431,9.234,160.967,-0.008653170535343757,000001.SZ,0.007746519607350089,0.01230879564705412,9.468382,9.540859999999999,0.02281829178842587,0.003493055199909889,0.010604764297634971,9.401497,9.434019000000001,0.015759294092199783,0.0006202076194208484,0.009267357189916229,9.4255785,9.431062,0.0023940542073306315,0.0017680900330666993,0.011749774855542808,9.401472666666669,9.417320333333333,0.04705002836248462
000001.SZ,2024-07-04,10.26,10.3,10.38,10.25,10.31,-0.05,-0.485,735044.24,757464.39,125.049,1288.0047,9.57059,1283.00274,9.53343,1298.00862,9.64493,1281.75225,9.52413,1289.25519,9.57989,0.01,-0.015,0.051,71.57,68.774,77.164,55.638,53.214,52.776,9.638,9.436,9.234,99.278,-0.003882728233055688,000001.SZ,0.005578385326663238,0.013389728548078766,9.512982,9.56502,0.012833820090665249,0.004187452348163178,0.009756332181321376,9.414501,9.453528,0.020891293313372472,0.0011959921215419333,0.008549680745955574,9.42539,9.436387,0.01129742132380307,0.00181417789336701,0.011721593193678697,9.408781333333334,9.425021500000001,0.05093723543107087
000001.SZ,2024-07-05,9.97,10.26,10.29,9.92,10.26,-0.29,-2.8265,1713353.86,1721256.58,125.049,1283.00274,9.53343,1246.73853,9.26396,1286.75421,9.5613,1240.48608,9.2175,1283.00274,9.53343,-0.009,-0.014,0.01,50.69,62.746,26.578,30.46,39.199,45.774,9.642,9.427,9.212,-58.791,-0.028265797304852347,000001.SZ,-0.0010648900243246384,0.020257766061417312,9.542716,9.531568,-0.017734715126992984,0.0018583914486479003,0.014030476119148264,9.43401,9.450736000000001,-0.003004774060792803,-0.000217297743700684,0.01079830067158221,9.429414,9.426937500000001,-0.01999270069131842,0.0013270908680748038,0.01234818874438193,9.417060666666666,9.428665166666667,0.024169351290277863
000001.SZ,2024-07-08,9.93,9.94,10.02,9.85,9.97,-0.04,-0.4012,868659.62,864791.78,125.049,1242.98706,9.23609,1241.73657,9.2268,1252.99098,9.31042,1231.73265,9.15246,1246.73853,9.26396,-0.027,-0.017,-0.02,38.026,54.506,5.066,28.337,37.705,44.916,9.638,9.412,9.185,-123.785,-0.0010058368855219157,000001.SZ,-0.006419724528161997,0.013947388361621906,9.514842,9.453518,-0.04057897172209768,0.0016575272120393115,0.014058436191506362,9.431218,9.446086,-0.005014396169648383,-0.0005881183151857705,0.010685468724721345,9.417704,9.411727500000001,-0.03191690273843251,0.0013582705756846744,0.012339753309533345,9.420239833333333,9.432123166666667,0.023003951517409416
000001.SZ,2024-07-09,10.07,9.94,10.1,9.91,9.93,0.14,1.4099,1032485.3,1034316.51,125.049,1242.98706,9.23609,1259.24343,9.35688,1262.9949,9.38476,1239.23559,9.20821,1241.73657,9.2268,-0.03,-0.019,-0.022,36.991,48.668,13.638,44.562,45.62,48.445,9.636,9.408,9.181,-59.213,0.013078044930268096,000001.SZ,-0.005745897605701123,0.014965614811016683,9.447942000000001,9.392192,-0.031730706544516485,0.002064395865099389,0.014350687306376158,9.42657,9.445154,-0.000995067369904401,0.0005666597683085361,0.010859353984457473,9.403392499999999,9.408225,-0.0074308390960790005,0.001736813775627675,0.012345186783621027,9.424141666666667,9.439483666666666,0.049536468410869006
000001.SZ,2024-07-10,10.14,10.07,10.2,10.05,10.07,0.07,0.6951,873865.11,886626.73,125.049,1259.24343,9.35688,1267.99686,9.42192,1275.4998,9.47767,1256.74245,9.3383,1259.24343,9.35688,-0.027,-0.021,-0.012,40.005,45.78,28.454,51.193,49.144,50.112,9.635,9.408,9.18,-0.571,0.006951034960371416,000001.SZ,-0.0026250565065580878,0.015810914913093634,9.386616,9.360598,-0.016489750926158897,0.0025607315503960006,0.014433332949948334,9.427499000000001,9.450728999999999,0.005952272914115264,0.0007759481719482875,0.010943962889589345,9.4007575,9.407541,-0.0014498283098055564,0.0018363928802309951,0.012363032176265554,9.432080166666667,9.448361666666667,0.059924132996746815
000001.SZ,2024-07-11,10.13,10.21,10.23,10.07,10.14,-0.01,-0.0986,721392.25,731789.33,125.049,1276.75029,9.48697,1266.74637,9.41263,1279.25127,9.50555,1259.24343,9.35688,1267.99686,9.42192,-0.025,-0.022,-0.007,41.484,44.348,35.757,50.164,48.653,49.871,9.636,9.41,9.183,1.944,-0.007836010865429066,000001.SZ,-0.0034157130330327635,0.015987391438260546,9.369892,9.336438,-0.01267120018713086,0.001081336146815237,0.014688470821344224,9.441437,9.450729,0.0,0.0007973611433264527,0.010925747641782045,9.4028925,9.409861500000002,0.004955040560653101,0.0019667211954056,0.012215849611137204,9.442476,9.459831166666667,0.07887823429759533
000001.SZ,2024-07-12,10.31,10.12,10.31,10.12,10.13,0.18,1.7769,1214163.69,1246877.67,125.049,1265.49588,9.40334,1289.25519,9.57989,1289.25519,9.57989,1265.49588,9.40334,1266.74637,9.41263,-0.01,-0.019,0.019,51.995,46.897,62.191,65.246,57.08,54.015,9.654,9.416,9.178,55.744,0.01877524369000816,000001.SZ,0.005992495165939337,0.010662160948794304,9.343874,9.399624,0.0341031265247258,0.0024638025708073495,0.015708284303717703,9.443295,9.465596000000001,0.015763602163877177,0.0015883169901795113,0.011639540228706348,9.401496499999999,9.415899,0.012765431106845027,0.001915511308317619,0.012137281297668617,9.453646166666665,9.470763833333333,0.07350573121931703
000001.SZ,2024-07-15,10.33,10.31,10.35,10.26,10.31,0.02,0.194,869412.47,896975.83,125.049,1289.25519,9.57989,1291.75617,9.59847,1294.25715,9.61705,1283.00274,9.53343,1289.25519,9.57989,0.003,-0.015,0.036,62.25,52.015,82.719,66.594,57.917,54.451,9.677,9.427,9.177,82.497,0.001939479472102601,000001.SZ,0.006581558437464241,0.01025234133521041,9.412634,9.473958,0.040281571075562406,8.091695465112236e-05,0.013421144084097671,9.463738000000001,9.463738000000001,-0.001931985380132173,0.0018333890612446612,0.011590186657231823,9.409856999999999,9.4265825,0.022767666865569858,0.0019478359661859956,0.012134675722494433,9.4647235,9.482150833333332,0.0766349793892489
000001.SZ,2024-07-16,10.3,10.33,10.37,10.24,10.33,-0.03,-0.2904,943008.11,971564.9,125.049,1291.75617,9.59847,1288.0047,9.57059,1296.75813,9.63564,1280.50176,9.51484,1291.75617,9.59847,0.012,-0.009,0.042,69.802,57.944,93.518,62.248,56.126,53.654,9.693,9.437,9.181,65.529,-0.00290462959200799,000001.SZ,0.003385023533009024,0.010211956974754797,9.48511,9.5167,0.022839878250014767,-0.0011804370363460493,0.013001918960109188,9.466526,9.454446,-0.009615553768765328,0.0018364955260326999,0.011588840629683142,9.420076,9.436801,0.021819901731968683,0.0013146252221404402,0.011341381062564338,9.476399499999998,9.488158666666667,0.03913846942276522
000001.SZ,2024-07-17,10.4,10.3,10.42,10.28,10.3,0.1,0.9709,1220168.35,1266412.58,125.049,1288.0047,9.57059,1300.5096,9.66351,1303.01058,9.6821,1285.50372,9.55201,1288.0047,9.57059,0.025,-0.003,0.056,78.698,64.862,106.371,70.063,60.562,55.9,9.723,9.448,9.174,89.3,0.009708910317963726,000001.SZ,0.003936598604527486,0.01052247822863292,9.527852,9.565018,0.025641270569056074,0.0006557710489846991,0.013125330084046783,9.457234,9.462807999999999,0.00872870147778304,0.0020744131244472943,0.011704404810465332,9.4293655,9.448413500000001,0.024625553743614415,0.001129880795991391,0.011106552664341178,9.4829855,9.4931135,0.03174065951899485
000001.SZ,2024-07-18,10.41,10.38,10.43,10.3,10.4,0.01,0.0962,1087061.02,1127365.07,125.049,1298.00862,9.64493,1301.76009,9.6728,1304.26107,9.69139,1288.0047,9.57059,1300.5096,9.66351,0.037,0.005,0.063,84.649,71.458,111.033,70.788,60.992,56.122,9.751,9.465,9.179,84.933,0.002889601065015457,000001.SZ,0.006081720990616391,0.008402147227753003,9.559444000000001,9.617052000000001,0.027640521299573173,0.0013330039787918136,0.01303957303634653,9.464668,9.476745,0.014619082533778638,0.0027602281634774963,0.011303673648047125,9.4395845,9.465136500000002,0.035815787388336684,0.0012091736059565465,0.01110176920768445,9.488931500000001,9.499813166666666,0.04335970280946011
000001.SZ,2024-07-19,10.37,10.38,10.42,10.29,10.41,-0.04,-0.3842,898723.24,929722.66,125.049,1298.00862,9.64493,1296.75813,9.63564,1303.01058,9.6821,1286.75421,9.5613,1301.76009,9.6728,0.042,0.013,0.059,85.92,76.278,105.203,63.411,58.22,54.968,9.766,9.482,9.199,66.163,-0.0009632003550051893,000001.SZ,0.0021340321816137207,0.00482100808259398,9.607762000000001,9.628201999999998,0.005819482269629361,0.0040632636737765295,0.008061668710807076,9.475818,9.513913,0.04012107133450482,0.002960827561212215,0.011194242341585734,9.454913999999999,9.4823245,0.036995742519274843,0.001412411382571499,0.010944813805492995,9.495889333333333,9.508639666666669,0.058158037788064165
000001.SZ,2024-07-22,10.23,10.36,10.38,10.19,10.37,-0.14,-1.35,994480.87,1018663.81,125.049,1295.50764,9.62634,1279.25127,9.50555,1298.00862,9.64493,1274.24931,9.46838,1296.75813,9.63564,0.035,0.017,0.036,73.07,75.209,68.791,44.106,49.612,51.127,9.761,9.494,9.227,22.386,-0.012547863466281228,000001.SZ,-0.000763436406063045,0.008162598601330593,9.617052000000001,9.609618000000001,-0.009680709529748088,0.002909061015700598,0.009555838519222107,9.514843,9.541788,0.030210907356829964,0.0022832941138699546,0.01171686770140756,9.4730305,9.493937,0.025045021729049877,0.001155701609637568,0.011090080330011652,9.504416333333333,9.514719833333334,0.039910335487061355
000001.SZ,2024-07-23,10.18,10.25,10.33,10.16,10.23,-0.05,-0.4888,1020153.63,1046994.47,125.049,1281.75225,9.52413,1272.99882,9.45909,1291.75617,9.59847,1270.49784,9.44051,1279.25127,9.50555,0.026,0.019,0.014,58.898,69.772,37.151,39.015,46.91,49.83,9.76,9.499,9.238,3.211,-0.006828970205152607,000001.SZ,-0.0015483045286919684,0.008597062955808544,9.602184,9.587318,-0.011650274434491403,0.0009183595021585278,0.009271333005515397,9.543647,9.552009000000002,0.01092351296586025,0.0014913776836289582,0.01177344374229519,9.4851085,9.4985815,0.009917575964638825,0.001026028760546773,0.011137893301178503,9.511095333333333,9.520170166666666,0.035810062778756535
000001.SZ,2024-07-24,10.13,10.18,10.24,10.12,10.18,-0.05,-0.4912,724517.57,736332.83,125.049,1272.99882,9.45909,1266.74637,9.41263,1280.50176,9.51484,1265.49588,9.40334,1272.99882,9.45909,0.015,0.018,-0.007,40.341,59.962,1.099,34.269,44.279,48.545,9.758,9.501,9.244,-26.471,-0.004911677550377469,000001.SZ,-0.004472422102360207,0.005862444880777166,9.579884000000002,9.537142,-0.02596158124739356,-0.0002679117489163607,0.009172072983494718,9.553868,9.55108,-0.0009859986075024807,0.00114640990073982,0.011858903651068684,9.4906835,9.5009045,0.004960405373808152,0.0007695765824936936,0.011093688873277522,9.516979333333332,9.523689999999998,0.02295184232033254
000001.SZ,2024-07-25,10.09,10.12,10.15,10.0,10.13,-0.04,-0.3949,856404.43,861750.37,125.049,1265.49588,9.40334,1261.74441,9.37546,1269.24735,9.43122,1250.49,9.29184,1266.74637,9.41263,0.003,0.015,-0.024,33.871,51.265,-0.917,30.685,42.213,47.521,9.759,9.499,9.239,-77.446,-0.0029649039596568727,000001.SZ,-0.005643323107294674,0.004435403587539206,9.531566000000002,9.477673999999999,-0.030739806467620534,0.00021919894166085862,0.008849150491743209,9.545505,9.547363,-0.00394894944346047,0.0006502675442380479,0.011810441763335264,9.493471,9.499046,-0.00394894944346047,0.0007044278027985629,0.01110411993157042,9.520633333333334,9.526734833333332,0.019873226459489413
000001.SZ,2024-07-26,10.03,10.1,10.12,9.97,10.09,-0.06,-0.5946,929551.95,931879.55,125.049,1262.9949,9.38476,1254.24147,9.31971,1265.49588,9.40334,1246.73853,9.26396,1261.74441,9.37546,-0.011,0.01,-0.042,26.928,43.152,-5.52,25.824,39.218,46.003,9.764,9.493,9.223,-114.817,-0.00693145056453226,000001.SZ,-0.006836973149200088,0.0035820015771322027,9.479532,9.414488,-0.03278765084623336,-0.002351470483793183,0.006195775967345116,9.543647,9.521345,-0.02715897572936643,5.616604350708321e-05,0.011881375946783701,9.493471,9.4934705,-0.011823496854065474,0.00019433402261386605,0.01072765540816514,9.524411333333335,9.525815166666666,-0.00588593572831253
000001.SZ,2024-07-29,10.11,10.02,10.14,9.97,10.03,0.08,0.7976,781552.43,788019.06,125.049,1252.99098,9.31042,1264.24539,9.39405,1267.99686,9.42192,1246.73853,9.26396,1254.24147,9.31971,-0.016,0.005,-0.041,28.097,38.134,8.023,40.823,44.904,48.301,9.75,9.482,9.215,-99.063,0.00898240895684621,000001.SZ,-0.0025309186645745994,0.006637977799655188,9.416348,9.392188,-0.011729989322027623,-0.0016471775353188224,0.007075568643155287,9.5167,9.500903,-0.021297144232362064,-0.00078313029033385,0.010479676004891116,9.490219,9.4823205,-0.0231879838411988,0.0003594686205267076,0.010786222014674402,9.523481333333333,9.5264235,0.0039005936382920936
000001.SZ,2024-07-30,10.08,10.1,10.13,10.03,10.11,-0.03,-0.2967,613267.95,618056.61,125.049,1262.9949,9.38476,1260.49392,9.36617,1266.74637,9.41263,1254.24147,9.31971,1264.24539,9.39405,-0.022,0.0,-0.042,26.702,34.323,11.46,37.418,43.249,47.51,9.726,9.467,9.209,-88.538,-0.001980871114445115,000001.SZ,-0.0015612988464331012,0.006192323662772627,9.388473999999999,9.373604,-0.009823355100754827,-0.0015548016875625349,0.007063347312975095,9.495329000000002,9.480461,-0.021359184752455018,-0.001367619361954292,0.010185561741067918,9.4809275,9.467453500000001,-0.03076935813177617,0.00043290707011597873,0.010754462133860231,9.521477666666668,9.525121833333333,-0.008269564508426752
000001.SZ,2024-07-31,10.27,10.08,10.28,10.07,10.08,0.19,1.8849,1096906.34,1117768.68,125.049,1260.49392,9.36617,1284.25323,9.54272,1285.50372,9.55201,1259.24343,9.35688,1260.49392,9.36617,-0.012,-0.003,-0.018,40.024,36.224,47.624,61.698,54.767,52.636,9.721,9.466,9.21,-10.194,0.01884975395492483,000001.SZ,0.0031909874546273585,0.010557513946733365,9.36989,9.399621999999999,0.013820791850949199,-0.0006407173238664243,0.009007016141491537,9.474887,9.468382,-0.012499599006986162,7.52686255913737e-06,0.010976074642984869,9.466060500000001,9.465595,-0.0038800027975270934,0.0007317412099159982,0.0110141927370966,9.520465,9.526907166666666,0.011352749162745202
000001.SZ,2024-08-01,10.27,10.25,10.32,10.17,10.27,0.0,0.0,733883.77,752688.22,125.049,1281.75225,9.52413,1284.25323,9.54272,1290.50568,9.58918,1271.74833,9.4498,1284.25323,9.54272,-0.004,-0.003,-0.002,51.073,41.173,70.872,61.698,54.767,52.636,9.722,9.466,9.21,21.11,0.001951884319092656,000001.SZ,0.004174345110377264,0.010057954799837562,9.394048000000002,9.433074,0.01784019130794645,-0.0007344889984587044,0.008970987571304139,9.462807000000002,9.455374,-0.013448019187825788,0.0002992574901665546,0.010944728081610003,9.463737499999999,9.4660595,0.000974465643530209,0.0009334051779329259,0.010921999989534116,9.522518666666667,9.530860666666666,0.025491348674065106
000001.SZ,2024-08-02,10.14,10.22,10.25,10.13,10.27,-0.13,-1.2658,590228.76,601173.37,125.049,1278.00078,9.49626,1267.99686,9.42192,1281.75225,9.52413,1266.74637,9.41263,1284.25323,9.54272,-0.007,-0.004,-0.007,49.789,44.045,61.277,44.636,47.0,49.066,9.714,9.474,9.234,-27.099,-0.007828345053736863,000001.SZ,0.0039949662125363435,0.010310368672848605,9.416348000000001,9.453515999999999,0.010967079447750994,-0.0014210034683318717,0.009248813892214509,9.44794,9.434002,-0.02218015617021807,0.0013211301027223287,0.008900518842861947,9.461879,9.473957500000001,0.017051023536371,0.000725127695792079,0.010968623177959803,9.525986833333333,9.532367166666667,0.009686514430109483
000001.SZ,2024-08-05,10.05,10.11,10.22,10.05,10.14,-0.09,-0.8876,758978.52,768980.63,125.049,1264.24539,9.39405,1256.74245,9.3383,1278.00078,9.49626,1256.74245,9.3383,1267.99686,9.42192,-0.017,-0.006,-0.021,40.812,42.967,36.501,36.297,42.452,46.774,9.701,9.48,9.259,-63.682,-0.005934607544136994,000001.SZ,0.001011562912339703,0.010658719227509906,9.433074000000001,9.442366000000002,-0.005934607544136994,-0.0007596778761174483,0.008576823542193761,9.424711,9.417277,-0.01759498398304138,0.0010746915697915748,0.00903554906785905,9.469776999999999,9.4795325,0.012084362942732074,0.00036314326044139535,0.010820599965960655,9.526884333333333,9.529878333333334,-0.01573944177839981
000001.SZ,2024-08-06,9.93,10.07,10.12,9.89,10.05,-0.12,-1.194,1265536.91,1261997.76,125.049,1259.24343,9.35688,1241.73657,9.2268,1265.49588,9.40334,1236.73461,9.18963,1256.74245,9.3383,-0.033,-0.012,-0.042,30.309,38.748,13.43,27.944,37.215,43.92,9.715,9.473,9.231,-132.67,-0.013902069920742721,000001.SZ,-0.0013726768489198183,0.012643891499089963,9.427498,9.414492,-0.014880148449152641,-0.0014669878476764597,0.009386399167507317,9.407986,9.394048000000002,-0.024557330567739455,-0.000274314172758966,0.009162303649580721,9.4758165,9.473028500000002,-0.013902069920742721,2.442083012901275e-05,0.010945124289265019,9.525283166666666,9.5250975,-0.03015141402090671
000001.SZ,2024-08-07,9.93,9.95,9.98,9.91,9.93,0.0,0.0,517608.42,514848.81,125.049,1244.23755,9.24538,1241.73657,9.2268,1247.98902,9.27325,1239.23559,9.20821,1241.73657,9.2268,-0.045,-0.018,-0.053,23.307,33.601,2.718,27.944,37.215,43.92,9.727,9.463,9.199,-137.954,-0.0020096523885443363,000001.SZ,-0.005544558117613651,0.00599808370616067,9.40334,9.351308,-0.03310586499446677,-0.0011767853314931464,0.009312636735092021,9.386615,9.375465,-0.0197426224126519,-0.0007223485402047536,0.009008181625945938,9.4702415,9.4632725,-0.020709154821947018,0.00012728703584083585,0.0108955848463268,9.520378333333333,9.521183833333334,-0.02481816010366078
000001.SZ,2024-08-08,9.94,9.92,9.98,9.9,9.93,0.01,0.1007,500410.67,497548.15,125.049,1240.48608,9.2175,1242.98706,9.23609,1247.98902,9.27325,1237.9851,9.19892,1241.73657,9.2268,-0.053,-0.025,-0.056,19.414,28.872,0.498,29.88,37.974,44.229,9.736,9.454,9.173,-124.749,0.002016815839436026,000001.SZ,-0.005531571813544978,0.006018407519341632,9.342014,9.289982,-0.03213234800979159,-0.0006786133515838566,0.009339562169329728,9.368031,9.361528,-0.014865403937513455,-0.000229707204961499,0.00886698283709124,9.456768,9.4544455,-0.01875565065236806,0.00026793952931182806,0.010864027235343172,9.516454166666668,9.518581333333335,-0.016625426948203903
000001.SZ,2024-08-09,10.04,9.96,10.1,9.94,9.94,0.1,1.006,730273.96,732886.46,125.049,1245.48804,9.25467,1255.49196,9.32901,1262.9949,9.38476,1242.98706,9.23609,1242.98706,9.23609,-0.052,-0.031,-0.042,24.57,27.438,18.835,46.979,45.2,47.259,9.722,9.442,9.162,-52.925,0.00803270132808609,000001.SZ,-0.0023593625371803872,0.008265662350261414,9.293696,9.2714,-0.009861047429823189,0.0008178018376779784,0.009424809103183414,9.355022,9.362458,0.000997885127326903,-0.0007668343230576025,0.007931129319795335,9.4493345,9.4419015,-0.02618819213999335,-8.973788426962688e-05,0.010219696274445574,9.513872333333333,9.512613166666666,-0.036965655356091975
000001.SZ,2024-08-12,10.01,10.02,10.05,9.98,10.04,-0.03,-0.2988,353013.46,353251.35,125.049,1252.99098,9.31042,1251.74049,9.30113,1256.74245,9.3383,1247.98902,9.27325,1255.49196,9.32901,-0.052,-0.035,-0.034,25.683,26.853,23.342,43.187,43.54,46.469,9.704,9.427,9.15,-56.508,-0.0009978067584491823,000001.SZ,-0.0013720023800428249,0.008023118988794676,9.27697,9.263966,-0.00398038186822014,-0.00018021973385156097,0.008982194697626435,9.355022000000002,9.353166,-0.009891367408093377,-0.0009136986345851916,0.007905531923403396,9.435861,9.427034500000001,-0.03097785376211004,-0.00046415288660976993,0.009820253840288215,9.507449833333334,9.502566833333335,-0.06086283094252665
000001.SZ,2024-08-13,9.95,10.02,10.03,9.92,10.01,-0.06,-0.5994,622077.2,620061.49,125.049,1252.99098,9.31042,1244.23755,9.24538,1254.24147,9.31971,1240.48608,9.2175,1251.74049,9.30113,-0.056,-0.039,-0.034,21.773,25.16,15.0,36.18,40.31,44.902,9.69,9.411,9.131,-84.167,-0.006985721374545895,000001.SZ,1.1267329196540388e-05,0.0055323102354639855,9.267678,9.267682,0.002013699223999632,-0.000680704759861639,0.009229698736199794,9.347587999999998,9.341087000000002,-0.012896413368537973,-0.0011177532237120868,0.008011584222787567,9.4214585,9.410774,-0.03398014124521043,-0.0005076775828087687,0.009843636985675284,9.497413833333333,9.4921695,-0.06321066913089379
000001.SZ,2024-08-14,9.92,9.94,9.98,9.91,9.95,-0.03,-0.3015,436380.38,433380.45,125.049,1242.98706,9.23609,1240.48608,9.2175,1247.98902,9.27325,1239.23559,9.20821,1244.23755,9.24538,-0.061,-0.044,-0.035,17.293,22.537,6.804,32.97,38.742,44.125,9.655,9.388,9.122,-93.68,-0.002012756480285649,000001.SZ,1.0646510848277834e-05,0.005532593878878111,9.265820000000001,9.265822,-0.001007933411367068,-0.002766955803382687,0.006177892114980566,9.334579999999999,9.308565,-0.03408042989839377,-0.0017038365636245557,0.007595839121296399,9.4047335,9.3884735,-0.04615403719766431,-0.0008798472375855682,0.009457490976257518,9.487728833333334,9.478850333333332,-0.0797821626991061
000001.SZ,2024-08-15,10.03,9.92,10.06,9.87,9.92,0.11,1.1089,776247.47,775851.46,125.049,1240.48608,9.2175,1254.24147,9.31971,1257.99294,9.34759,1234.23363,9.17104,1240.48608,9.2175,-0.056,-0.046,-0.02,26.767,23.947,32.406,51.789,46.989,47.593,9.604,9.371,9.138,-48.295,0.01108868999186341,000001.SZ,0.0018250213413337547,0.007494613598765412,9.26582,9.282546,0.009053614678938837,-0.0018532752361056116,0.007489700375038686,9.303917,9.286264,-0.02336964722846302,-0.001293882117282158,0.008063649691635527,9.383362,9.370819000000001,-0.03650339095194777,-0.000695035737721178,0.00958249324728,9.474265,9.46709,-0.07038371804219912
000001.SZ,2024-08-16,10.13,10.08,10.21,10.05,10.03,0.1,0.997,1260367.61,1277042.0,125.049,1260.49392,9.36617,1266.74637,9.41263,1276.75029,9.48697,1256.74245,9.3383,1254.24147,9.31971,-0.044,-0.046,0.003,43.335,30.41,69.185,63.093,53.232,50.506,9.56,9.36,9.159,56.885,0.004960405373808152,000001.SZ,0.0012105621504781671,0.006965710188240557,9.288120000000001,9.29927,0.00896343770668051,-0.0005744001933511101,0.007447819037582862,9.290908,9.285335,-0.0009859986075024807,-0.0009977018308414908,0.00818432001159163,9.369424,9.3596685,-0.023144285174622636,-0.00042444934882972333,0.009507612010390819,9.463712666666668,9.459191,-0.04793775798886779
000001.SZ,2024-08-19,10.29,10.13,10.3,10.12,10.13,0.16,1.5795,1482985.26,1520594.69,125.049,1266.74637,9.41263,1286.75421,9.5613,1288.0047,9.57059,1265.49588,9.40334,1266.74637,9.41263,-0.022,-0.041,0.037,61.448,40.756,102.832,74.55,61.207,54.71,9.572,9.362,9.153,111.514,0.015794735371516655,000001.SZ,0.004569070576471335,0.009293919985294644,9.308562,9.351304,0.027971870084602557,0.0015985340982142549,0.008763753747315186,9.292766,9.307635000000001,0.023880149491877445,0.0004194281110484033,0.008525791690162968,9.3587385,9.362456,0.005864994661013867,-7.324382468281339e-05,0.009712297536559335,9.456247333333332,9.455070833333332,-0.025203624199802044
000001.SZ,2024-08-20,10.34,10.32,10.43,10.28,10.29,0.05,0.4859,1569186.65,1623147.69,125.049,1290.50568,9.58918,1293.00666,9.60776,1304.26107,9.69139,1285.50372,9.55201,1286.75421,9.5613,-0.001,-0.033,0.063,68.941,50.151,106.522,77.204,63.339,55.93,9.602,9.37,9.138,159.976,0.0019376005039013489,000001.SZ,0.006353734952160783,0.007123799509645477,9.364314,9.423779999999999,0.03919579292576403,0.0031825011406786618,0.0068798186575830846,9.315996000000002,9.345731,0.04128842068756233,0.000857756646501101,0.008357210205946843,9.361991,9.3698895,0.015717156724378345,-0.0003356775447916442,0.009433082377847297,9.452591833333335,9.448834166666668,-0.03748762768033531
000001.SZ,2024-08-21,10.35,10.3,10.38,10.21,10.34,0.01,0.0967,1034887.81,1068207.87,125.049,1288.0047,9.57059,1294.25715,9.61705,1298.00862,9.64493,1276.75029,9.48697,1293.00666,9.60776,0.016,-0.023,0.078,74.532,58.278,107.041,77.76,63.773,56.177,9.636,9.38,9.124,130.645,0.004854455158981974,000001.SZ,0.007727177280014308,0.005608297863073892,9.431214,9.50369,0.04334689449416884,0.003868911895431293,0.0066425607309309395,9.348517,9.384756,0.04229527029956204,0.0013460632819690733,0.008287386251482537,9.367566,9.3801105,0.021717628335544914,-0.00010984954304477287,0.009391661549750024,9.445880166666667,9.444342166666667,-0.027261224064564327
000001.SZ,2024-08-22,10.38,10.34,10.45,10.32,10.35,0.03,0.2899,1109030.39,1153871.82,125.049,1293.00666,9.60776,1298.00862,9.64493,1306.76205,9.70997,1290.50568,9.58918,1294.25715,9.61705,0.031,-0.012,0.088,78.999,65.185,106.626,79.557,65.125,56.931,9.674,9.394,9.113,141.066,0.003868747762225455,000001.SZ,0.006283188834086717,0.005453765147945868,9.509266,9.568734000000001,0.03489593560314641,0.0040541050877102355,0.006610927759891982,9.387542999999999,9.42564,0.04426548463689728,0.0016877458680631895,0.008241037253888962,9.377787000000001,9.393584,0.028742056389766457,0.0001303780243987714,0.009304155590162348,9.4415225,9.442338500000002,-0.012311126813208118
000001.SZ,2024-08-23,10.47,10.39,10.5,10.32,10.38,0.09,0.8671,1071905.71,1117475.77,125.049,1299.25911,9.65422,1309.26303,9.72855,1313.0145,9.75643,1290.50568,9.58918,1298.00862,9.64493,0.05,0.0,0.1,84.412,71.594,110.048,84.163,68.921,59.132,9.728,9.414,9.1,127.891,0.007699223759143559,000001.SZ,0.0068309525111537985,0.005425158770773903,9.566876,9.631918,0.03356341426360121,0.004020757330815983,0.006589434590266401,9.427498000000002,9.465594,0.04282769554325694,0.0024192795842469805,0.00808352350581672,9.391259999999999,9.414026,0.0438683177910042,0.00043663582376023043,0.009244648543549474,9.439962666666668,9.443752,0.008794305943544911
000001.SZ,2024-08-26,10.49,10.5,10.55,10.42,10.47,0.02,0.191,740675.24,775921.85,125.049,1313.0145,9.75643,1311.76401,9.74714,1319.26695,9.80289,1303.01058,9.6821,1309.26303,9.72855,0.065,0.013,0.104,86.667,76.618,106.764,85.061,69.72,59.611,9.777,9.432,9.086,121.43,-0.0009521925540387777,000001.SZ,0.003481566926042712,0.0032351744814525492,9.635636,9.669086000000002,0.019436687479736037,0.0040253187512570236,0.006585589241739578,9.472099,9.510195,0.04795223806139681,0.0019225495087027312,0.007963340462035342,9.413560499999999,9.4316805,0.037586557448597846,0.0004656367076504131,0.009237393202275153,9.441551833333333,9.445619833333334,0.011631467129973982
000001.SZ,2024-08-27,10.43,10.47,10.52,10.37,10.49,-0.06,-0.572,723136.58,755583.76,125.049,1309.26303,9.72855,1304.26107,9.69139,1315.51548,9.77501,1296.75813,9.63564,1311.76401,9.74714,0.072,0.025,0.094,85.229,79.488,96.71,70.646,64.309,57.502,9.81,9.448,9.086,88.889,-0.003819685359072067,000001.SZ,0.0023301097534480287,0.004641136720092454,9.66351,9.685812000000002,0.008704422258674072,0.004341922352804406,0.00605189205843149,9.513912000000001,9.554796,0.048241391916827636,0.0018306087964713835,0.008021184260233242,9.43075,9.4479415,0.03472283761665662,0.0006118178011461269,0.009095588771654345,9.442965333333332,9.448437666666667,0.01775512690184744
000001.SZ,2024-08-28,10.33,10.41,10.43,10.28,10.43,-0.1,-0.9588,942547.54,973872.16,125.049,1301.76009,9.6728,1291.75617,9.59847,1304.26107,9.69139,1285.50372,9.55201,1304.26107,9.69139,0.069,0.034,0.071,75.486,78.154,70.149,52.763,56.357,54.17,9.816,9.451,9.085,48.344,-0.007684434703498444,000001.SZ,-0.00017766821904805497,0.006095790132858012,9.683952,9.682096,-0.001931985380132173,0.0037747545304831266,0.006917474691511757,9.557583,9.592893,0.041331163547599914,0.0005038993635502198,0.007211577440000741,9.4460815,9.450728999999999,0.005842149827303134,0.0003772112818434018,0.009125462385046103,9.445906833333334,9.449128666666667,0.004338176898423418
